apa04-2m1,3,2
apa12-0w6,12,3
apa01-2j8,8,3
apa01-2mq,7,3
apa08-0aj,9,3
apa02-2zr,22,3
apa02-1mp,22,3
apa01-1mp,30,3
apa12-1zb,41,3
apa01-1af,63,3
apa16-1m1,0,0
apa09-0bd,14,3
apa01-kak,38,3
apa09-0jo,5,3
apa05-2af,99,3
apa06-1bc,81,4
apa04-0bf,94,3
apa01-0bw,8,3
apa19-3m1,42,4
apa06-0mz,0,0
apa05-zbf,19,3
apa01-0mv,34,3
apa01-1mm,24,4
apa03-2aq,17,3
apa08-3w1,12,3
apa01-0a8,11,3
apa01-2bu,19,3
apa04-2bh,53,3
apa01-2b6,40,3
apa03-1a4,26,3
apa03-kjc,4,3
apa01-3be,26,3
apa03-0qt,41,3
apa11-1zb,43,3
apa23-2bb,61,3
apa15-0qw,33,3
apa01-4ac,25,3
apa06-6zb,38,4
apa01-1ko,15,3
apa03-2mn,18,4
apa01-2me,12,3
apa01-2qw,5,3
apa18-2mf,12,3
apa01-2fl,25,4
apa04-2be,34,3
apa02-kqw,9,3
apa03-zbf,142,4
apa02-3ac,14,3
apa01-0ju,12,3
apa13-2at,17,3
apa02-3qu,13,3
apa12-kbm,10,3
apa02-2ug,11,3
apa01-0ao,10,3
apa18-0m1,7,3
apa18-3m1,5,2
apa01-2qu,22,3
apa05-2uh,4,2
apa03-kb5,17,3
apa02-2xc,22,3
apa18-0w0,206,3
apa08-1w6,21,3
apa07-2w5,12,3
apa05-3xa,23,3
apa17-2bd,10,3
apa02-0a8,10,3
apa02-2w6,35,3
apa09-0w1,16,3
apa22-0m1,10,3
apa01-1u4,8,3
apa01-0jd,18,3
apa04-1w1,24,3
apa04-2w4,24,3
apa01-1qk,27,3
apa01-kbm,15,3
apa02-5xa,14,3
apa07-4ag,10,3
apa01-3jb,28,3
apa01-0af,21,3
apa02-0yq,17,3
apa15-2mt,14,3
apa04-2ug,19,3
apa05-1uc,17,3
apa13-0jo,74,3
apa03-3mp,14,3
apa02-3bt,0,0
apa08-0mo,64,3
apa36-0ez,8,3
apa09-4mf,10,3
apa01-kbc,14,3
apa01-3wq,28,3
apa02-1zm,61,3
apa04-1mp,19,3
apa01-kbn,6,3
apa01-1w7,34,3
apa06-1wq,7,3
apa04-3u4,7,3
apa01-0w5,2,2
apa03-2uf,26,3
apa06-0bh,24,3
apa11-0zm,9,3
apa09-0ql,29,3
apa01-kaw,16,3
apa05-1q0,19,3
apa03-1mp,20,3
apa02-1qe,16,3
apa03-2qu,17,3
apa05-2w2,20,3
apa05-1ed,21,3
apa06-1z2,10,3
apa08-2ah,31,3
apa01-1j0,12,3
apa03-1at,68,3
apa09-4ag,17,3
apa11-1w5,7,3
apa03-1a1,5,3
apa12-1mt,12,3
apa04-3xa,22,3
apa05-1b1,20,3
apa29-1ez,9,3
apa05-1mb,16,3
apa01-4fd,9,3
apa01-6ed,23,3
apa05-0w1,32,3
apa02-2wq,8,3
apa03-2bc,23,3
apa01-0zm,18,3
apa08-2fd,14,3
apa05-2bb,44,3
apa04-0qz,9,3
apa03-3mf,15,3
apa11-1m1,5,2
apa06-1uc,25,3
apa03-3wq,7,3
apa01-0mo,55,3
apa01-0x6,21,3
apa01-kzy,5,3
apa15-1ez,66,3
apa08-1u4,9,3
apa02-kw3,2,2
apa21-0m1,8,3
apa01-0q8,14,3
apa03-zbm,18,3
apa13-0q2,45,3
apa17-0m1,13,3
apa02-3fd,19,3
apa05-0ez,13,3
apa01-0at,14,3
apa05-kqw,30,3
apa03-2ua,16,3
apa17-1at,132,3
apa05-0ql,48,3
apa02-1ua,39,3
apa08-0bh,11,3
apa02-0ax,2,1
apa14-2bd,31,3
apa10-1wo,12,3
apa02-0qo,164,3
apa11-2mf,10,3
apa03-6fa,7,3
apa15-3mf,14,3
apa03-2mb,15,4
apa06-3mf,11,3
apa05-0bh,14,3
apa21-1ez,26,3
apa05-0a4,7,3
apa03-1z2,9,3
apa03-5bb,44,3
apa01-2ah,40,3
apa01-1wq,28,3
apa01-0mz,7,1
apa09-1w6,21,3
apa05-1ue,22,3
apa01-1ag,9,3
apa03-4b4,12,3
apa02-2mf,16,3
apa24-0ez,21,3
apa16-3mf,11,3
apa04-1mv,36,3
apa02-3w7,19,3
apa02-0ql,35,3
apa16-3mq,12,3
apa03-1zm,33,3
apa15-1mt,31,3
apa08-2u4,12,3
apa05-2bf,9,3
apa08-3mq,12,3
apa07-0q2,23,3
apa01-3ug,6,3
apa02-3u4,15,3
apa01-0bn,57,3
apa07-2m1,9,4
apa12-2bb,65,3
apa01-3b4,22,3
apa02-1qo,15,3
apa04-2ad,16,3
apa04-3bb,10,3
apa02-kql,81,3
apa25-3at,29,3
apa01-2zr,14,3
apa16-0w6,18,3
apa06-3bf,36,3
apa06-0w2,53,3
apa04-3mp,19,3
apa02-2mn,25,4
apa07-3bb,7,3
apa05-6ad,15,3
apa04-1uf,8,3
apa02-2qt,18,3
apa03-1zb,14,3
apa03-2b4,13,3
apa01-1p2,12,3
apa01-3bb,48,3
apa02-0aj,15,3
apa19-1mt,11,3
apa02-4ed,20,3
apa08-3bd,23,4
apa07-2w1,32,3
apa10-2qw,6,2
apa03-5ac,12,3
apa02-0a4,83,3
apa16-1qw,105,3
apa05-4mf,22,3
apa06-0mo,167,3
apa03-1qo,9,3
apa09-1w1,24,3
apa01-5xa,21,3
apa07-3ah,12,3
apa09-kbb,18,4
apa05-0mp,34,3
apa07-0mp,19,3
apa24-2at,33,3
apa10-1bd,25,3
apa04-1wo,9,3
apa04-2xa,50,3
apa15-1wo,7,3
apa14-3m1,6,3
apa14-0yo,8,4
apa14-2mf,19,3
apa01-kws,6,2
apa02-2aq,20,3
apa02-6ad,47,3
apa02-zbf,50,3
apa02-2ag,26,3
apa07-2b4,20,3
apa05-3w5,40,3
apa03-0ao,14,3
apa11-0w0,0,0
apa02-kw2,19,4
apa02-4zb,17,3
apa03-0ez,13,3
apa11-2ah,30,3
apa28-kbb,5,3
apa05-kql,76,3
apa04-3b4,15,3
apa20-1at,12,3
apa02-1mn,25,3
apa05-3mq,5,3
apa08-3at,17,3
apa03-0uh,46,3
apa09-2mf,10,3
apa03-2w3,16,4
apa03-2bg,32,3
apa08-2bf,26,3
apa01-2u4,12,3
apa01-1yo,6,3
apa18-3at,26,3
apa01-2w4,21,3
apa05-0m1,2,2
apa01-1zb,51,3
apa02-2a0,9,3
apa03-2jc,14,3
apa06-2ah,23,3
apa05-1uh,7,2
apa05-4ag,12,3
apa05-0w6,122,3
apa03-3at,20,3
apa12-3at,14,3
apa11-0mp,47,3
apa04-1zm,10,3
apa08-2zb,13,3
apa05-2w5,16,3
apa01-3ba,33,3
apa04-0qy,45,3
apa17-2mt,10,3
apa08-4ag,30,3
apa08-1aq,3,2
apa22-0ez,23,3
apa01-1bd,40,3
apa02-1wo,39,3
apa01-2ac,59,3
apa01-2ba,7,3
apa03-0pg,12,3
apa08-0w2,10,3
apa03-3xa,10,3
apa06-0aj,31,3
apa01-0ms,18,3
apa06-1bf,20,3
apa04-kw1,3,3
apa04-4b4,11,3
apa04-kbd,59,3
apa06-3bc,17,3
apa05-0bd,148,3
apa15-0mq,26,3
apa04-5ag,39,3
apa18-1zb,26,3
apa07-0zm,18,3
apa01-1ah,15,3
apa02-3b5,12,3
apa15-3mq,11,3
apa01-1w1,57,3
apa05-3bb,36,3
apa03-1uf,6,3
apa05-2zb,23,3
apa15-0w6,21,3
apa02-1u4,11,3
apa07-kbb,1,1
apa02-2mb,21,4
apa01-0qz,94,3
apa24-2bb,7,3
apa03-kw3,4,3
apa01-0mq,6,2
apa01-1b6,70,3
apa01-1qh,29,3
apa06-0zb,33,4
apa03-3bh,11,3
apa11-0qi,18,3
apa04-2mn,30,4
apa09-0uh,12,3
apa01-0j4,5,3
apa01-1fa,16,3
apa09-1xc,18,4
apa01-kbu,5,3
apa04-3bc,14,3
apa13-0mp,67,3
apa05-0a8,6,3
apa07-zbf,65,4
apa02-kb3,5,3
apa04-0uf,6,2
apa07-0w0,29,3
apa15-3m1,11,4
apa34-0ez,19,3
apa05-0w0,106,3
apa07-2ad,12,3
apa03-2qs,10,3
apa09-1ue,21,3
apa01-1aq,49,3
apa11-0q2,24,3
apa03-1bi,59,3
apa03-3bt,46,3
apa16-1zb,62,3
apa21-1at,7,3
apa08-0w3,138,3
apa07-4mf,8,3
apa14-1mt,28,3
apa03-1ue,3,3
apa02-0xa,39,3
apa12-2at,14,3
apa05-2yq,12,3
apa06-0mv,21,3
apa04-1at,88,3
apa04-2aq,16,3
apa06-2w4,23,3
apa03-6ed,11,3
apa09-2bh,17,3
apa06-0j6,7,3
apa02-kb5,3,2
apa13-2mq,14,3
apa14-1mq,19,3
apa03-3be,10,3
apa22-1at,71,3
apa16-0uh,82,3
apa04-2w5,24,4
apa03-1jo,13,3
apa16-0jo,34,3
apa29-2at,32,3
apa10-3m1,21,3
apa02-2ua,31,3
apa02-2w5,18,3
apa13-3m1,15,4
apa04-4ag,35,3
apa28-3at,18,3
apa16-0mq,27,3
apa08-0xc,5,4
apa10-1bm,8,3
apa01-0q0,40,4
apa02-kb4,5,3
apa03-1mm,14,4
apa01-0pz,26,3
apa04-1bb,29,3
apa09-2mq,8,3
apa08-2ad,23,3
apa04-0u6,14,3
apa04-kjc,4,2
apa08-0b1,31,3
apa01-3fa,41,3
apa20-1qw,43,3
apa01-0uh,45,3
apa16-0w0,12,3
apa01-3ac,21,3
apa03-kql,24,4
apa02-0qu,18,3
apa22-2at,26,3
apa13-4mf,18,3
apa01-3mv,35,3
apa02-2w3,16,4
apa02-0bl,25,3
apa04-2mq,6,3
apa02-2j8,10,3
apa01-1qz,97,3
apa04-3bm,22,3
apa02-1w7,14,3
apa07-2w4,19,3
apa34-1ez,4,3
apa04-1ue,37,3
apa05-2w7,11,3
apa04-2qu,20,3
apa03-0q2,110,3
apa01-0ak,37,3
apa01-0xa,41,3
apa08-1w4,47,3
apa02-1j7,15,3
apa06-2b4,28,3
apa05-0q8,51,4
apa01-2uf,33,3
apa02-1zb,63,3
apa01-2be,42,3
apa06-1ed,8,3
apa11-1bd,19,3
apa05-3ug,9,3
apa10-1w2,13,3
apa14-2ah,64,3
apa05-0uc,13,3
apa04-0qu,5,3
apa20-0ez,16,3
apa02-2b6,17,3
apa01-1mn,27,3
apa01-2pt,6,3
apa05-0mv,17,3
apa24-0m1,9,3
apa03-1qw,10,3
apa02-0zb,29,4
apa03-kw1,3,2
apa03-kbb,38,3
apa01-1fd,38,3
apa02-3w0,18,3
apa04-0q8,13,3
apa07-1yu,23,3
apa09-6ad,16,3
apa03-1aq,13,3
apa04-3b8,18,3
apa01-3w7,35,3
apa07-0qu,6,3
apa04-3m1,5,3
apa04-2ac,25,3
apa05-3b8,63,3
apa06-1w1,25,3
apa04-0w2,15,3
apa03-3w4,30,3
apa06-kql,9,3
apa01-1jo,15,3
apa06-2be,26,3
apa01-kbi,3,3
apa01-ku4,11,3
apa06-3fd,9,3
apa03-2u4,10,3
apa01-1ez,73,3
apa03-3w1,23,3
apa03-3m1,9,4
apa05-2qs,10,3
apa01-3bt,56,3
apa05-3bd,42,3
apa01-1uf,9,3
apa12-1mq,9,3
apa01-3ui,15,3
apa01-1fz,21,3
apa08-4b4,19,3
apa01-2at,78,3
apa02-1a1,6,3
apa04-0ql,13,3
apa12-2mt,7,3
apa01-1zy,17,3
apa03-1m1,5,2
apa35-0ez,51,3
apa07-1bb,51,3
apa01-0qg,39,3
apa02-0uf,10,3
apa09-0u4,23,3
apa11-2w0,18,3
apa04-1ed,27,3
apa17-2at,22,3
apa09-0aj,6,3
apa23-1ez,10,3
apa19-3at,11,3
apa03-0q0,21,3
apa01-0b3,109,3
apa17-3mf,14,3
apa04-5ah,6,3
apa08-0qi,134,3
apa03-2mf,6,2
apa02-1uf,12,3
apa02-kms,6,3
apa05-2mf,10,3
apa01-1bc,101,3
apa07-2be,11,3
apa06-0mm,7,4
apa18-1qw,41,3
apa02-1be,99,3
apa02-kiw,5,3
apa10-0yo,3,3
apa16-kbb,3,1
apa11-2mq,12,3
apa04-1w3,72,4
apa06-4ag,16,3
apa01-0ax,3,2
apa04-1a4,15,3
apa02-1qu,39,3
apa04-1be,10,3
apa30-3at,42,3
apa06-3bb,49,3
apa06-1mq,12,3
apa07-6zb,57,4
apa08-2bm,17,3
apa12-1wo,13,3
apa14-0zm,18,3
apa16-1mt,23,3
apa02-1mm,20,4
apa08-1uh,7,2
apa18-1mt,22,3
apa01-1bw,9,3
apa04-3ac,10,3
apa01-2a1,9,3
apa20-1b1,14,3
apa03-0wq,38,3
apa10-0zm,7,3
apa03-0mm,11,4
apa01-1j7,12,3
apa04-2af,83,3
apa02-0b8,14,3
apa21-kbb,7,3
apa02-0b3,45,3
apa01-0wq,74,3
apa01-0p2,9,3
apa01-0j7,26,3
apa10-0ql,117,3
apa08-1yu,36,3
apa03-0bf,120,6
apa05-3wq,8,3
apa06-0w3,71,3
apa08-0mp,78,3
apa02-2fd,45,3
apa04-0ao,9,3
apa09-0mz,0,0
apa05-0zm,12,3
apa03-2uh,19,3
apa09-0w4,24,3
apa09-1wo,16,3
apa15-1at,5,3
apa18-3mf,15,3
apa01-0uf,9,2
apa03-0b3,8,3
apa20-1ez,20,3
apa07-3w1,12,1
apa01-1qw,10,3
apa12-1ez,39,3
apa03-0qw,7,3
apa02-2uf,57,3
apa08-0w1,69,4
apa06-2bh,66,3
apa07-1w6,25,3
apa02-1xc,30,4
apa06-1qw,6,3
apa10-0w0,0,0
apa01-0bf,68,3
apa24-1at,23,4
apa04-kbf,13,4
apa05-1qw,8,3
apa03-0uf,8,3
apa01-2bw,10,3
apa08-1w1,10,3
apa19-0jo,32,3
apa05-0qw,11,3
apa02-3zr,15,3
apa19-0uh,9,2
apa06-2bd,81,3
apa13-1qw,26,3
apa05-1bh,44,3
apa03-3mq,6,3
apa01-0b5,56,3
apa04-0yq,5,3
apa11-3w6,67,3
apa04-2u4,21,3
apa10-2w1,41,3
apa08-0zm,7,3
apa18-2at,19,3
apa09-0yo,8,4
apa09-1bb,132,4
apa09-kbm,56,3
apa04-0w6,15,3
apa21-3at,23,3
apa22-1ez,37,3
apa07-0bf,8,3
apa01-kqy,45,3
apa06-1zm,7,3
apa17-1ez,51,3
apa18-1at,121,3
apa03-kqw,40,3
apa01-5ag,30,3
apa01-0mn,57,4
apa06-1bh,31,3
apa07-2w0,77,3
apa01-0p4,17,3
apa04-0bm,28,3
apa05-kbd,11,3
apa16-1wo,5,3
apa04-2bd,179,3
apa19-0w0,132,3
apa05-kbb,1,1
apa11-0mq,22,3
apa07-1w4,25,3
apa01-1qt,24,3
apa01-4bu,30,3
apa01-0j6,8,3
apa08-0q2,23,3
apa06-1bm,1,1
apa02-1zy,11,3
apa05-2m1,8,3
apa02-1aw,20,3
apa03-4xa,15,3
apa06-2mv,48,3
apa08-kbb,8,3
apa02-3bc,15,3
apa04-0z2,13,3
apa01-1p9,19,3
apa08-6ad,18,3
apa05-0xc,15,3
apa06-1mm,19,4
apa02-1mq,6,3
apa03-0bc,21,3
apa18-2mt,4,3
apa26-2at,24,3
apa14-3w6,10,3
apa05-3w6,13,3
apa02-0qy,9,3
apa06-2m1,9,4
apa16-2at,13,3
apa01-kqi,62,3
apa15-2bd,17,3
apa09-0xc,0,0
apa02-kpz,9,3
apa04-5bb,52,3
apa01-3jo,10,3
apa04-0x6,49,3
apa03-1ba,6,3
apa01-kqo,12,3
apa04-1fz,16,3
apa02-3w5,25,3
apa04-1w6,16,3
apa11-0uh,68,3
apa06-1ez,46,3
apa13-2ah,26,3
apa03-2m1,5,2
apa02-5ad,61,3
apa05-0yo,8,4
apa04-1yu,28,3
apa03-6ad,25,3
apa04-0pg,21,3
apa05-0mb,111,3
apa01-0ws,16,3
apa05-3mp,24,3
apa04-1bi,28,3
apa18-4mf,13,3
apa11-3at,0,0
apa05-kbh,20,3
apa06-5ag,27,3
apa02-3be,24,3
apa04-1fd,57,3
apa02-kbf,21,3
apa13-2qw,49,3
apa01-2bc,10,3
apa06-0yo,5,4
apa05-1zb,25,3
apa05-1xc,31,4
apa03-0zs,18,3
apa03-1w1,18,3
apa01-0mf,13,3
apa09-3at,30,3
apa06-0mq,5,3
apa09-zb1,48,3
apa01-kw1,29,3
apa05-1w2,78,3
apa44-0ez,36,3
apa07-1w2,55,3
apa06-2b1,22,3
apa02-1bf,43,3
apa01-0ad,18,3
apa02-0bb,131,4
apa03-1qy,25,3
apa02-zmv,30,3
apa04-5ad,34,3
apa03-2be,33,3
apa20-0uh,6,2
apa05-1z2,4,3
apa07-kbm,59,4
apa01-kbg,5,3
apa05-2fd,12,3
apa01-0be,90,3
apa19-1m1,7,2
apa02-0w1,24,3
apa27-1ez,33,3
apa02-0bg,77,3
apa13-0w0,15,3
apa06-0m1,9,3
apa12-0mp,30,3
apa01-0q1,10,3
apa12-0mq,7,3
apa02-4ah,11,3
apa03-0w1,35,4
apa05-4zb,10,3
apa04-2w6,14,3
apa08-1ba,13,3
apa22-3at,20,3
apa07-0qi,96,3
apa16-1mq,22,3
apa04-1uc,28,3
apa01-1ef,38,3
apa03-1mf,6,3
apa05-1bf,28,3
apa09-2w1,25,3
apa07-1zm,6,3
apa10-2zb,51,19
apa02-0ef,26,3
apa01-2ez,79,3
apa02-kjc,12,3
apa03-4ag,20,3
apa01-1jd,27,3
apa05-1bb,39,3
apa15-0m1,6,2
apa07-2ag,26,3
apa08-0bf,15,3
apa01-3w4,46,3
apa10-1xc,44,4
apa07-1bm,27,3
apa12-4mf,15,3
apa06-0bd,142,3
apa11-1w3,12,3
apa13-2mt,15,3
apa02-0q0,32,3
apa04-6zb,49,4
apa07-2w7,16,3
apa03-1u4,18,3
apa02-1w3,19,4
apa04-0zm,13,3
apa02-3at,80,3
apa01-kb1,12,3
apa11-1uh,9,2
apa03-3b8,16,3
apa28-1ez,44,3
apa03-0bg,158,3
apa05-2w3,18,4
apa03-2fd,59,3
apa03-2ah,44,3
apa01-0q4,12,3
apa02-3qs,44,3
apa04-3mq,6,3
apa12-0qw,49,3
apa12-2mq,12,3
apa39-1ez,98,3
apa01-3u4,24,3
apa04-2jc,14,3
apa09-0mq,24,3
apa05-0qu,24,3
apa02-0qz,25,3
apa10-0w3,22,4
apa09-1w3,18,4
apa01-kjc,9,3
apa09-2w5,17,3
apa02-3mf,21,3
apa15-0jo,21,3
apa08-2ag,26,3
apa08-3m1,5,3
apa40-0ez,10,3
apa04-5ac,16,3
apa13-1wo,13,3
apa04-2b6,15,3
apa11-3mf,11,3
apa13-3w6,11,3
apa11-2bh,19,3
apa07-2bd,39,3
apa46-0ez,53,3
apa01-2u6,57,3
apa10-1bb,73,3
apa01-0u6,14,3
apa05-0pg,27,3
apa04-2p4,12,3
apa20-2at,17,3
apa10-0jo,3,3
apa32-0ez,14,3
apa01-2ad,28,3
apa02-0mv,35,3
apa08-0u4,11,3
apa02-1xm,10,2
apa31-3at,20,3
apa03-0uc,15,3
apa01-kez,3,3
apa13-1w3,15,4
apa01-3bg,16,3
apa07-2zr,20,3
apa08-0ql,56,3
apa03-1pg,78,3
apa09-1at,26,3
apa02-2xa,24,3
apa11-1at,21,3
apa09-0qi,24,3
apa03-0mq,12,3
apa03-0ju,13,3
apa10-1b1,113,3
apa07-0b1,36,3
apa13-1uh,13,2
apa04-1qy,35,3
apa01-3w3,15,3
apa07-1qw,8,3
apa22-kbb,3,2
apa07-0qw,18,3
apa03-1w2,20,3
apa03-0j7,7,3
apa17-2mf,13,3
apa02-2b3,20,3
apa01-0qo,29,3
apa02-5zq,25,3
apa07-0ql,125,3
apa06-3m1,10,3
apa10-3mf,13,3
apa02-2bc,46,3
apa01-1mo,40,3
apa08-0ez,64,3
apa04-1w2,51,3
apa04-0aj,10,3
apa12-0w0,17,3
apa05-2qu,14,3
apa21-0ez,30,3
apa04-0ed,13,3
apa03-2qw,38,3
apa03-2p4,11,3
apa03-0jz,0,0
apa02-0p6,7,3
apa07-1b1,149,3
apa14-0qw,53,3
apa05-0b1,17,3
apa01-2ef,52,3
apa08-0qu,45,3
apa01-2bd,12,3
apa01-1yq,14,3
apa02-1aq,20,3
apa01-kw0,37,3
apa09-kbh,7,3
apa07-0aj,15,3
apa09-2w0,62,3
apa07-3fd,15,3
apa02-3yq,2,2
apa01-0q5,23,3
apa08-1bf,14,3
apa05-1w1,48,3
apa07-4zb,15,3
apa08-kbh,4,3
apa17-kbb,0,0
apa03-kbd,7,3
apa03-2bt,40,3
apa05-3m1,14,4
apa01-0pt,31,3
apa06-2zr,14,3
apa20-3at,25,3
apa14-0w5,10,3
apa05-3be,31,3
apa04-2w0,137,3
apa09-3m1,10,3
apa05-0z2,13,3
apa01-km7,2,2
apa06-5ah,15,3
apa03-0qd,13,3
apa10-0w2,8,3
apa11-3m1,8,3
apa01-0j3,13,3
apa02-2me,17,3
apa04-4mf,19,3
apa02-6b3,28,3
apa05-0at,7,4
apa04-2bi,21,3
apa10-1m1,12,3
apa03-0be,17,3
apa13-2bd,31,3
apa17-1b1,28,3
apa06-kbh,24,3
apa04-0qt,65,3
apa13-2bb,82,3
apa03-1uh,11,2
apa20-0w0,193,3
apa13-0m1,9,3
apa05-0mq,6,3
apa17-2bb,49,3
apa02-0ua,67,3
apa03-2xm,6,3
apa05-0w4,36,3
apa02-2bb,43,3
apa21-2bb,51,3
apa04-3be,40,3
apa08-0bn,132,3
apa04-zbf,72,3
apa09-2qw,11,3
apa04-2fd,10,3
apa11-0w2,4,3
apa06-0mb,11,3
apa08-0bd,16,3
apa01-0ba,29,3
apa03-0aj,11,3
apa03-4w0,189,3
apa01-6b5,11,3
apa09-2u4,13,3
apa05-2u4,14,3
apa05-3bf,6,3
apa04-0qw,5,3
apa11-4mf,8,3
apa01-zbf,79,3
apa14-1qw,27,3
apa11-2bd,42,3
apa02-0w6,84,3
apa07-2ah,33,3
apa07-1at,41,3
apa02-2jc,43,3
apa11-0ez,9,3
apa09-1b1,51,3
apa07-2u4,18,3
apa05-4b4,8,3
apa01-3w6,16,3
apa06-2ac,65,3
apa01-1fl,13,3
apa20-3m1,14,3
apa04-0fz,35,5
apa23-kbb,5,3
apa13-0mq,14,3
apa02-4bm,7,2
apa03-0mo,123,3
apa04-0m1,6,2
apa02-3b4,19,3
apa03-0j6,8,3
apa02-0pm,14,3
apa01-3yu,10,3
apa06-1bd,34,3
apa09-3w6,12,3
apa01-2bh,40,3
apa07-0mo,89,3
apa04-1b8,11,3
apa12-0w5,8,3
apa06-kqw,30,3
apa09-3bf,25,3
apa07-0bd,50,3
apa05-1ua,14,3
apa17-3at,17,3
apa01-2bb,106,3
apa07-2b1,14,3
apa10-kbb,7,4
apa01-0qa,21,3
apa02-1pg,61,3
apa02-zbm,72,3
apa02-1qg,70,3
apa01-0pm,13,3
apa01-2b8,6,3
apa10-zb1,35,3
apa01-4bd,59,3
apa04-1wq,7,3
apa04-2bf,44,4
apa07-1bf,37,3
apa29-3at,10,3
apa01-5mf,2,2
apa08-2w1,18,3
apa09-2zb,8,3
apa01-0w7,48,3
apa05-2at,65,3
apa11-0w4,55,3
apa01-2w1,20,4
apa02-4ag,22,3
apa04-3w4,54,3
apa06-4mf,11,3
apa02-0pg,17,3
apa04-0w5,18,3
apa09-1mq,9,3
apa01-0p6,12,3
apa02-5ah,23,3
apa02-0mp,57,3
apa01-0ed,14,3
apa02-0ec,24,3
apa13-0w5,14,4
apa02-3fa,15,3
apa01-1ug,21,3
apa01-1ad,12,3
apa05-1bc,102,3
apa01-1mv,48,3
apa02-5mf,1,1
apa14-3mf,15,3
apa03-kb3,7,3
apa05-2w1,24,3
apa01-6b3,9,3
apa02-0b5,35,3
apa04-3wq,6,3
apa06-0zm,13,3
apa08-zb1,33,3
apa04-1mq,7,3
apa03-zmv,40,3
apa05-2qw,3,2
apa06-1w2,22,3
apa06-0mp,30,3
apa01-0zb,41,4
apa03-2xc,7,2
apa17-0w6,49,3
apa11-2at,14,3
apa24-3at,16,3
apa05-2ag,33,3
apa12-0ez,26,3
apa04-1ef,9,3
apa01-3w2,18,3
apa01-0j0,22,3
apa06-6ac,16,3
apa01-1a4,28,3
apa05-0aj,17,3
apa14-4mf,19,3
apa08-2bb,15,3
apa01-1ua,19,3
apa01-0bi,18,3
apa08-2at,51,3
apa23-2at,16,3
apa08-1w3,13,4
apa06-2qw,33,3
apa01-2m1,6,2
apa01-2af,79,3
apa15-0w0,66,3
apa07-0m1,4,3
apa04-1bc,136,3
apa12-0yo,0,0
apa07-0w1,32,3
apa08-2zr,14,3
apa03-4mf,19,3
apa09-3mp,61,3
apa01-0yq,10,3
apa02-1qw,6,3
apa04-3b5,11,3
apa05-2bh,48,3
apa04-3ah,4,2
apa09-3w1,24,3
apa03-1mv,27,3
apa05-0qy,70,3
apa06-1bb,16,3
apa06-0qi,118,3
apa26-1ez,9,3
apa02-kq0,54,3
apa01-2yq,45,3
apa06-1q2,15,3
apa02-4xa,16,3
apa11-2qw,10,3
apa01-2qa,17,3
apa02-6fa,19,3
apa03-3w5,27,3
apa09-2b4,61,3
apa03-2b6,21,3
apa09-6zb,4,3
apa09-0w3,10,3
apa01-2fd,38,3
apa18-1ez,43,3
apa02-5fa,42,3
apa01-0aj,18,3
apa10-2ad,12,3
apa16-0ez,22,3
apa03-0pt,7,3
apa01-kb5,5,2
apa01-0w0,506,3
apa03-1aw,31,3
apa10-0mz,0,0
apa02-1q8,15,3
apa01-1zm,27,3
apa08-2m1,8,4
apa05-0bg,20,3
apa02-4mf,15,3
apa07-3m1,12,3
apa11-1bc,60,4
apa11-0yo,0,0
apa04-1ua,66,3
apa04-2qs,11,3
apa14-0jo,13,3
apa14-0mq,11,3
apa16-0yo,1,1
apa02-0bt,27,3
apa01-4fl,27,3
apa01-5bb,64,3
apa05-0ed,14,3
apa02-3ug,10,3
apa10-1mq,13,3
apa03-3ah,17,3
apa06-1mb,5,3
apa01-4zb,21,3
apa17-3m1,4,2
apa01-1po,56,3
apa01-4mf,12,3
apa03-0av,25,3
apa04-3at,24,3
apa02-0m1,60,3
apa02-0pt,15,3
apa01-3mp,118,3
apa04-0zs,34,3
apa01-0w3,34,3
apa38-1ez,44,3
apa04-2ah,23,3
apa01-1qe,109,3
apa03-2mv,31,3
apa01-kpz,11,3
apa02-2xm,5,3
apa06-0zs,32,3
apa03-0u4,38,3
apa04-1aq,12,3
apa01-3w1,21,3
apa41-1ez,67,3
apa06-kbb,1,1
apa07-3mf,8,3
apa03-3w7,31,3
apa12-2ah,25,4
apa05-2zr,20,3
apa10-2at,11,3
apa02-kbd,36,3
apa02-1af,74,3
apa03-6zb,35,4
apa01-3b8,39,3
apa01-3mq,7,3
apa02-zb1,107,3
apa01-5ed,18,3
apa04-1j0,4,3
apa02-4wq,38,3
apa03-3ug,5,3
apa07-1wo,10,3
apa03-5ah,14,3
apa04-2w3,8,4
apa09-0ez,92,3
apa13-1mt,24,3
apa02-3mv,26,3
apa02-1jd,17,3
apa02-4b2,27,3
apa02-1j0,15,3
apa41-0ez,9,3
apa02-kw5,10,3
apa04-1ba,40,3
apa05-0bm,85,3
apa12-0mt,14,3
apa07-0bn,111,3
apa03-3ac,15,3
apa10-0w6,24,3
apa02-1w2,36,3
apa01-zbg,107,3
apa04-3ug,7,3
apa01-0qh,16,3
apa03-4bd,10,3
apa04-4bb,36,4
apa27-3at,13,3
apa02-2b5,26,3
apa02-0ju,16,3
apa23-1at,160,3
apa04-0a8,6,3
apa08-2w4,25,3
apa02-0pz,11,3
apa02-0p9,43,3
apa05-2b1,20,4
apa11-2m1,7,3
apa01-kq0,70,3
apa02-0jq,18,3
apa03-0ql,46,3
apa06-1ue,12,2
apa02-0qi,280,3
apa25-1ez,12,3
apa12-3mq,16,3
apa09-0bn,40,3
apa03-1wq,11,3
apa14-2mq,2,2
apa01-kzw,10,3
apa01-0w6,34,3
apa31-1ez,43,3
apa12-0zm,10,3
apa01-0bm,7,3
apa03-0qy,39,3
apa13-0ez,22,3
apa06-1zb,18,3
apa08-2mq,15,3
apa03-1mo,53,3
apa05-3mf,17,3
apa03-2ug,17,3
apa14-1wo,10,3
apa02-1ju,6,3
apa10-1at,13,3
apa02-2bi,9,3
apa01-4bm,18,3
apa05-2xc,10,3
apa21-1m1,14,3
apa02-1z2,13,3
apa02-0jc,30,3
apa10-1w6,12,3
apa10-0ez,18,3
apa03-2fz,6,3
apa02-1q5,10,3
apa04-3mv,80,3
apa04-1bh,51,5
apa02-2p4,7,3
apa07-1uc,24,3
apa03-1w6,53,3
apa03-1w0,161,3
apa19-2bb,54,3
apa05-1fz,10,3
apa01-3w5,40,3
apa37-0ez,17,3
apa04-0mp,32,3
apa05-0zs,50,3
apa08-3mf,7,3
apa11-1wo,28,3
apa19-0ez,31,3
apa04-6ac,43,4
apa04-0pt,16,3
apa04-1qu,17,3
apa01-2fa,51,3
apa01-3p9,34,3
apa01-0fd,71,3
apa03-3bf,36,3
apa04-0mb,73,3
apa03-1af,30,3
apa10-1qw,28,3
apa09-0bf,77,3
apa02-2mq,5,3
apa03-3u4,5,3
apa01-0bt,53,3
apa14-0m1,8,3
apa08-2w3,9,4
apa07-3be,7,3
apa02-2yq,47,3
apa13-0yo,9,4
apa07-kbf,44,6
apa06-1w0,39,3
apa01-0qu,28,3
apa02-3m1,5,3
apa05-0qs,18,3
apa01-1qo,46,3
apa08-1bm,11,2
apa06-1ba,14,3
apa03-1qu,58,3
apa09-1w2,11,3
apa32-1ez,45,3
apa06-3w1,53,3
apa10-3at,4,3
apa04-2wq,8,3
apa07-2w3,11,4
apa02-2po,27,3
apa02-2w7,15,3
apa01-1b4,59,3
apa02-0w4,33,3
apa05-1qy,55,3
apa12-2bh,27,3
apa05-1w4,29,3
apa04-0q2,107,3
apa02-2mv,53,3
apa02-0wq,76,3
apa02-kqa,17,3
apa02-1b5,12,3
apa02-2qy,27,3
apa09-2af,107,3
apa01-0w4,12,3
apa15-2at,26,3
apa02-1ez,49,3
apa03-2w4,40,3
apa06-2at,39,3
apa05-1aq,14,3
apa09-2m1,5,2
apa01-0pg,30,3
apa03-1w4,30,3
apa02-1yo,5,4
apa07-kqw,18,3
apa16-3m1,7,3
apa01-kw2,5,3
apa17-1wo,6,3
apa05-5ad,25,3
apa04-0zb,43,4
apa06-1w3,42,4
apa03-0ef,28,3
apa20-0m1,61,3
apa15-1qw,28,3
apa01-2jo,12,3
apa04-0b1,21,3
apa14-0uh,61,3
apa22-2bb,61,3
apa04-1ez,61,3
apa02-kbh,11,3
apa05-0j6,5,3
apa02-0fd,0,0
apa01-0xc,8,3
apa01-0bh,58,3
apa08-zbf,20,3
apa02-2at,27,3
apa14-0w6,12,3
apa01-zmv,37,3
apa10-2mf,7,3
apa09-1bm,50,4
apa01-0me,70,3
apa05-2wq,7,3
apa07-0bm,13,3
apa03-kbf,19,3
apa01-kbw,6,3
apa01-2qd,14,3
apa09-2zr,13,3
apa02-1mo,40,3
apa05-6zb,34,4
apa05-3bc,65,3
apa03-2bm,5,3
apa16-3at,11,3
apa20-0jo,8,3
apa06-kbf,6,3
apa19-1qw,43,3
apa47-0ez,100,3
apa01-2b1,128,4
apa03-2w1,27,4
apa03-1b1,61,4
apa01-kqu,10,2
apa03-0ua,36,3
apa01-0bc,96,4
apa01-2b5,12,3
apa16-0bb,29,3
apa01-0ua,54,3
apa19-2mt,27,3
apa01-1q0,81,3
apa01-3w0,16,3
apa01-2qs,8,3
apa03-zb1,108,3
apa03-0b5,39,3
apa02-1ed,10,3
apa05-2ac,69,3
apa19-1at,10,3
apa13-1zb,52,3
apa03-0ba,79,4
apa01-3fd,17,3
apa03-4bb,29,3
apa08-4mf,7,3
apa04-2xc,24,3
apa05-zbm,26,3
apa06-1aq,7,3
apa05-2bm,8,3
apa01-1w6,14,3
apa29-0ez,28,3
apa02-2ac,29,3
apa10-2b4,19,3
apa05-1mm,15,4
apa04-0mo,73,3
apa05-2ad,18,3
apa06-0ql,17,4
apa01-kms,9,3
apa03-0a8,13,3
apa16-2bd,20,3
apa10-0bn,94,4
apa02-3xa,20,3
apa01-1a1,10,3
apa03-2w2,58,3
apa04-0a4,167,3
apa01-0jq,7,3
apa21-0w0,118,3
apa02-1bi,77,3
apa01-kj7,8,3
apa02-0ad,23,3
apa04-3bf,26,3
apa02-0qt,23,3
apa01-4bb,51,3
apa10-4bb,23,3
apa06-1w6,31,3
apa14-2at,19,3
apa02-0w8,10,3
apa01-1qd,18,3
apa08-3mp,18,3
apa07-3bc,70,3
apa02-3bb,54,3
apa13-3mf,15,3
apa13-2m1,2,1
apa02-2qa,35,5
apa04-0j6,9,3
apa02-3mq,13,3
apa11-2zb,10,3
apa07-0yo,5,4
apa13-0qw,52,3
apa06-4zb,23,3
apa04-1q0,46,3
apa09-0zm,7,3
apa01-kbd,12,3
apa04-2zr,13,3
apa08-3bb,7,3
apa03-0yq,20,3
apa03-3mv,42,3
apa09-2ah,15,3
apa14-3at,10,3
apa01-4fa,28,3
apa09-2at,12,3
apa02-3w6,6,3
apa03-5ag,8,3
apa02-1bc,129,3
apa02-kqi,8,3
apa05-kbf,12,3
apa04-0w1,24,4
apa20-2bb,60,3
apa02-0me,96,3
apa12-0m1,24,3
apa02-6ed,13,3
apa03-1bm,26,3
apa02-1a4,61,3
apa06-2qs,15,3
apa05-1a4,22,3
apa03-0bb,78,3
apa02-1w4,52,3
apa08-2bh,35,3
apa01-2ua,49,3
apa07-2bb,23,3
apa04-0ad,19,3
apa19-2at,0,0
apa02-2qu,19,3
apa01-2q2,18,3
apa14-1ez,116,3
apa05-3ag,31,3
apa12-2zb,15,3
apa08-0w4,32,3
apa02-kbm,7,3
apa05-1bm,6,3
apa15-3at,5,3
apa06-1m1,9,3
apa10-2bd,70,3
apa08-0uc,34,3
apa12-2bd,25,3
apa02-0be,18,3
apa03-0bt,26,3
apa06-2ad,23,3
apa11-1qw,17,3
apa08-4bb,27,3
apa08-1m1,6,2
apa10-0mt,49,3
apa06-zb1,20,3
apa07-1m1,14,2
apa01-0m1,15,3
apa01-1pm,12,3
apa03-2fa,44,3
apa06-kbm,43,3
apa08-1bb,57,4
apa03-0ws,14,3
apa06-0bb,25,4
apa25-2at,18,3
apa20-2m1,8,2
apa04-2uh,7,3
apa12-2mf,14,3
apa11-0w6,9,3
apa07-2qw,21,3
apa06-6ad,17,3
apa02-1xa,14,3
apa05-5ah,8,3
apa01-kq2,31,3
apa08-1w8,82,3
apa01-kqw,10,3
apa17-0qw,99,3
apa03-2p9,15,3
apa13-kbb,11,3
apa01-2a0,16,3
apa06-0xc,11,3
apa03-5zq,7,3
apa02-0x6,43,3
apa01-3bh,16,3
apa07-1aq,4,2
apa02-kqu,17,3
apa02-4bd,14,3
apa03-2bn,106,3
apa08-3bf,34,3
apa10-0mq,21,3
apa02-4bb,66,4
apa01-5ad,65,4
apa11-0xc,28,4
apa04-0qs,11,3
apa03-0a0,9,3
apa09-3bd,40,4
apa04-2ua,11,3
apa02-0bh,15,3
apa06-0jz,0,0
apa35-1ez,116,3
apa01-2po,12,3
apa19-2m1,75,4
apa02-1w5,22,3
apa06-2fd,20,3
apa14-0bb,19,3
apa02-2qw,5,3
apa03-1p4,18,3
apa03-4zb,15,3
apa11-0jo,5,3
apa07-1bc,46,3
apa07-1mm,21,4
apa07-6ad,20,3
apa05-0bb,47,3
apa13-1at,11,3
apa04-2mv,29,3
apa06-0uh,20,3
apa12-0jo,6,3
apa06-3at,27,3
apa21-0uh,47,3
apa11-zb1,45,3
apa17-1zb,14,3
apa03-3w2,7,3
apa06-0ez,22,3
apa01-2mn,45,5
apa02-0jz,0,0
apa03-0yo,13,4
apa04-3w2,26,3
apa03-0ed,7,3
apa05-1w6,18,3
apa03-2ac,20,3
apa10-1w3,16,4
apa01-1w0,25,3
apa03-2w7,18,3
apa03-0bh,18,3
apa02-1p4,24,3
apa03-3b4,17,3
apa08-1mb,16,3
apa05-1wq,6,3
apa06-1mv,44,3
apa05-1w0,44,3
apa04-4zb,11,3
apa02-0jf,12,3
apa02-0qs,19,3
apa01-3bu,11,3
apa05-2mv,29,3
apa25-2bb,14,3
apa05-1mq,21,3
apa01-1uh,14,3
apa03-2bb,20,3
apa03-0zb,32,4
apa11-0m1,19,3
apa10-1ez,108,3
apa01-3zr,18,3
apa05-1yu,25,3
apa02-2jo,20,3
apa02-1po,17,3
apa01-kmv,19,3
apa09-0w5,38,4
apa09-1w8,126,3
apa07-2bf,16,3
apa13-3at,10,3
apa05-1bg,12,3
apa01-1a0,8,3
apa02-2bh,152,3
apa15-2mf,14,3
apa05-1w5,18,4
apa03-kms,15,3
apa07-1mb,7,3
apa07-1bd,26,3
apa27-2at,27,3
apa03-2bf,13,4
apa02-2pm,8,3
apa06-0qu,17,3
apa07-0bb,17,3
apa02-0xc,6,3
apa11-1w6,20,3
apa05-2w0,50,3
apa01-2p9,16,3
apa03-2bi,12,3
apa09-2bd,60,4
apa01-2qg,12,3
apa04-4bd,12,4
apa01-1qu,18,3
apa03-2qy,33,3
apa07-0jz,0,0
apa01-1bg,145,3
apa02-0bm,87,3
apa06-2mf,6,3
apa10-0w5,17,4
apa08-1ue,39,3
apa02-2w4,21,3
apa07-0w6,14,3
apa03-1yu,44,3
apa17-0w0,22,3
apa01-2qy,20,3
apa01-2xm,7,2
apa03-kq0,85,3
apa01-0ef,28,3
apa02-2qg,15,3
apa01-0q2,49,3
apa04-0be,23,4
apa02-2w1,22,4
apa02-2uh,5,2
apa02-0q3,22,3
apa06-2w3,19,4
apa05-5ag,12,3
apa09-0w2,61,3
apa08-0mm,12,4
apa08-0bb,21,3
apa03-4bm,42,3
apa01-5ah,16,3
apa03-0mz,0,0
apa05-0q2,65,3
apa06-kjc,5,3
apa06-3ah,6,3
apa16-0m1,4,3
apa02-0j3,8,3
apa06-1wo,10,3
apa06-1xc,32,3
apa03-kqu,2,1
apa05-1mv,30,3
apa22-1m1,5,2
apa19-0m1,125,3
apa07-0uc,13,3
apa03-0xa,41,3
apa08-1bd,25,4
apa03-2zr,24,3
apa07-3bf,7,3
apa07-1w5,7,3
apa01-1qa,26,3
apa11-0w5,12,4
apa01-4bv,17,3
apa04-2b1,38,3
apa09-0w0,0,0
apa01-0qd,25,3
apa40-1ez,51,3
apa02-3wq,16,3
apa08-0m1,7,3
apa10-0bd,15,3
apa02-2ez,63,3
apa01-1bu,26,3
apa02-1me,16,3
apa01-kql,20,3
apa05-0mz,0,0
apa05-3bm,13,3
apa02-0mz,0,0
apa04-2mf,13,3
apa01-2qm,13,3
apa05-0w3,14,3
apa02-0mm,10,4
apa07-6ac,12,3
apa04-3w1,20,3
apa02-0ue,5,3
apa07-0ez,13,3
apa09-3mf,13,3
apa03-2af,139,3
apa07-0mz,0,0
apa19-kbb,4,3
apa08-2b4,13,3
apa03-1ac,18,3
apa02-1q2,17,3
apa10-0q2,26,3
apa02-1qt,16,3
apa01-3at,26,3
apa04-1bf,40,4
apa36-1ez,85,3
apa01-2bn,88,3
apa04-kbb,2,2
apa02-0w2,80,3
apa07-0xc,46,3
apa01-0w1,20,3
apa02-3me,13,3
apa01-2mf,9,3
apa02-1yq,9,3
apa04-3fd,8,3
apa04-1q2,12,3
apa01-1m1,8,3
apa14-2qw,51,3
apa01-1ed,16,3
apa01-2bf,23,3
apa05-3ah,8,3
apa15-0ez,19,3
apa02-1fl,14,3
apa01-6ad,1,1
apa06-1fz,14,3
apa01-kqa,42,3
apa06-2bf,16,3
apa01-0mb,48,3
apa24-kbb,4,3
apa08-0mz,0,0
apa04-0bh,10,3
apa12-3w6,9,3
apa13-1mq,10,3
apa09-1bd,42,3
apa02-5ac,18,3
apa11-1ez,55,3
apa08-1w2,10,3
apa27-kbb,9,3
apa09-0q2,22,3
apa12-2qw,9,3
apa01-1jb,44,3
apa13-0w6,7,3
apa02-kw1,3,2
apa02-0j6,10,3
apa02-0ui,15,3
apa01-1qg,44,3
apa02-2bt,31,3
apa07-1xc,5,3
apa08-2bd,54,3
apa13-1w5,10,3
apa06-4bb,22,3
apa06-0b1,17,3
apa01-kfa,21,3
apa02-0p2,15,3
apa04-kql,7,3
apa03-0mv,57,3
apa04-0mq,6,3
apa03-1wo,25,3
apa04-0uc,14,3
apa01-2bg,83,3
apa12-zb1,133,3
apa02-1bg,12,3
apa04-3bd,30,4
apa05-0zb,24,4
apa10-0mm,11,4
apa02-1jf,9,3
apa02-1b8,10,3
apa08-0mq,5,3
apa04-0mz,0,0
apa03-0qg,14,3
apa03-2wq,8,3
apa01-0wy,8,3
apa09-1ez,44,3
apa09-1w5,13,3
apa07-3mp,17,3
apa05-3qu,21,3
apa03-0m1,6,2
apa04-kqw,22,3
apa12-kbb,8,4
apa04-1p4,10,3
apa19-1zb,25,3
apa04-0at,9,4
apa03-1fd,11,3
apa04-1bg,27,3
apa01-1aw,48,3
apa03-3bm,7,3
apa06-3mp,17,3
apa19-1ez,101,3
apa02-2bn,96,3
apa17-0uh,33,3
apa10-2bb,96,3
apa01-4ad,30,3
apa02-1bm,32,3
apa03-1qe,27,3
apa08-0yo,5,3
apa01-kb3,15,3
apa01-1q5,24,3
apa43-0ez,33,3
apa03-0bm,105,3
apa06-2u4,14,3
apa02-1mv,35,3
apa10-2mq,9,3
apa06-2w0,45,3
apa02-2fa,27,3
apa15-kbb,3,2
apa06-0bn,176,3
apa13-0bb,21,4
apa01-2yu,11,3
apa05-0mo,45,3
apa01-0qe,107,3
apa06-3ug,10,3
apa01-2jc,42,3
apa12-3mf,13,3
apa06-1b1,31,3
apa13-3mq,8,3
apa07-3w6,14,3
apa10-0xc,70,4
apa03-1jq,6,3
apa03-1xc,7,3
apa02-5ag,19,3
apa02-1at,80,3
apa09-0mt,108,3
apa14-3mq,11,3
apa01-0b1,16,3
apa07-0w4,74,3
apa03-3w3,31,3
apa03-1ed,11,3
apa04-0mv,56,3
apa07-3at,12,3
apa02-0ak,9,3
apa01-1w4,70,3
apa01-1me,26,3
apa02-2b4,26,3
apa03-kb4,25,3
apa02-4fd,17,3
apa08-1at,23,3
apa07-2af,60,3
apa04-1qw,7,3
apa05-3b4,16,3
apa10-0qi,5,2
apa14-1at,19,4
apa11-1mq,13,3
apa17-0ez,42,3
apa14-0ez,15,3
apa06-3w6,27,3
apa08-2mf,12,3
apa10-1uh,18,2
apa03-0w8,97,3
apa01-2w3,26,4
apa04-4w0,157,3
apa02-3bd,8,2
apa01-6fa,16,3
apa03-1uc,20,3
apa03-0mp,30,3
apa06-3u4,7,3
apa16-2mq,10,3
apa01-0qw,6,3
apa03-1w5,16,3
apa03-2w0,87,3
apa16-0qw,20,3
apa01-0bg,135,3
apa01-2ed,29,3
apa01-1ju,8,3
apa07-0uh,37,3
apa39-0ez,9,3
apa02-5bb,63,3
apa15-0q2,22,3
apa09-1qw,12,3
apa05-1ba,16,3
apa04-2ef,12,3
apa11-0qw,62,3
apa01-kbe,15,3
apa08-0w0,0,0
apa02-1fz,11,3
apa11-kbm,6,3
apa15-1zb,45,3
apa10-3w6,14,3
apa03-2ad,42,3
apa03-3ag,24,3
apa02-1b4,15,3
apa02-0zm,40,3
apa06-1u4,12,3
apa01-4mq,5,3
apa03-3ed,28,3
apa01-4b2,30,3
apa02-1w1,27,4
apa03-2xa,13,3
apa05-2mq,19,3
apa01-2p5,28,3
apa02-6ac,32,4
apa18-0uh,27,2
apa16-2mf,10,3
apa07-2at,33,3
apa18-1b1,31,3
apa02-0af,77,3
apa01-1ac,46,3
apa04-kb5,1,1
apa01-1qy,38,3
apa11-2b1,38,3
apa02-2w2,56,3
apa01-1ao,7,3
apa05-0bn,155,3
apa02-2bd,103,3
apa03-0a4,361,3
apa09-zbf,11,3
apa02-0qd,13,3
apa04-2w7,16,3
apa04-1xc,29,3
apa01-0ue,5,3
apa05-kbm,22,3
apa04-2w1,47,3
apa10-0w4,66,3
apa06-1uh,7,3
apa01-kw5,7,3
apa07-0w2,15,3
apa02-0at,22,3
apa04-0qi,35,3
apa01-2qe,35,3
apa02-2fz,17,3
apa01-2uh,4,2
apa02-0b1,22,3
apa38-0ez,6,3
apa01-1mb,35,3
apa04-3w5,31,3
apa01-2b2,19,3
apa08-1xc,34,4
apa16-0q2,19,3
apa04-kbh,48,4
apa02-0q2,32,3
apa04-1w5,23,3
apa02-0bf,111,4
apa04-1jq,14,3
apa12-2m1,4,2
apa01-1bm,52,3
apa04-1w4,0,0
apa09-1uh,13,2
apa01-2ug,19,3
apa08-1qw,8,3
apa01-4wq,45,3
apa01-1q2,36,3
apa01-2bl,34,3
apa02-1m1,15,3
apa15-0yo,2,2
apa02-1qy,25,3
apa05-3fd,15,3
apa04-zbm,17,3
apa04-0xc,12,3
apa10-1w8,60,3
apa10-2ah,28,3
apa27-0ez,18,3
apa07-1w8,160,3
apa09-0mp,100,3
apa01-2p4,13,3
apa01-0b8,25,4
apa05-1q2,123,3
apa23-3at,14,3
apa02-2yu,10,3
apa03-0at,82,3
apa01-2xc,15,3
apa11-1bb,173,4
apa11-2bb,40,3
apa12-1uh,25,3
apa04-2zb,10,3
apa03-1w7,31,3
apa01-1ba,20,4
apa01-sq4,23,3
apa03-1fz,14,3
apa01-2mb,31,4
apa04-0ez,8,3
apa03-1bg,16,3
apa01-0mm,16,4
apa05-kjc,3,2
apa02-1qs,24,3
apa04-4bm,55,3
apa02-1a0,6,3
apa12-1b1,128,3
apa01-1p5,33,3
apa13-0uh,129,3
apa11-kbb,5,4
apa04-3w3,22,3
apa07-1ed,25,3
apa02-1fa,52,3
apa01-0qy,34,3
apa02-2ah,23,3
apa06-2w7,25,3
apa13-1b1,130,3
apa07-5bb,68,3
apa02-2m1,35,3
apa01-6ac,8,3
apa07-1uh,19,3
apa01-0jm,43,3
apa05-2ah,12,3
apa02-2w0,109,3
apa06-3bd,42,3
apa07-2mf,8,3
apa17-1qw,45,3
apa03-0qs,23,3
apa30-1ez,10,3
apa42-1ez,91,3
apa01-1xc,30,3
apa11-1w8,98,3
apa03-2ed,32,3
apa16-2bb,28,3
apa03-0qi,68,3
apa21-2m1,7,3
apa06-1w5,16,4
apa02-0mf,12,3
apa02-0ba,35,3
apa07-1zb,44,3
apa16-1b1,70,3
apa01-1xa,14,3
apa03-4ed,21,3
apa04-6ad,8,3
apa03-3w6,9,3
apa02-4b4,12,2
apa15-4mf,15,3
apa06-1qy,63,3
apa13-2mf,15,3
apa01-3b3,10,3
apa02-3w2,69,3
apa02-0av,78,3
apa03-1mn,25,3
apa02-3ah,20,3
apa01-2ag,181,3
apa01-0ps,11,3
apa01-1q8,15,3
apa03-1j0,13,3
apa03-2b5,8,3
apa16-1ez,17,3
apa03-2q2,16,3
apa05-3u4,7,3
apa01-kiw,26,3
apa02-0ed,27,3
apa01-1q4,15,3
apa23-1b1,4,3
apa08-kbm,26,4
apa02-2q2,21,3
apa03-0w2,29,3
apa01-2w7,60,3
apa07-0mq,12,3
apa06-2af,55,3
apa01-0bb,49,4
apa01-0bv,50,3
apa06-0qw,5,3
apa01-4ed,21,3
apa10-0qw,31,3
apa01-2zb,14,3
apa01-kb4,30,4
apa04-3ag,19,3
apa33-1ez,72,3
apa01-0mp,49,3
apa10-2m1,4,3
apa01-1bt,41,3
apa02-0qg,52,3
apa05-zb1,29,3
apa06-3mq,11,3
apa05-3w1,14,3
apa06-3be,8,3
apa01-2bt,46,3
apa02-kbc,11,3
apa04-2p9,25,3
apa04-2at,21,3
apa02-3bm,14,3
apa09-0mm,8,4
apa02-4w0,159,3
apa01-0jt,26,3
apa07-2fd,36,3
apa01-3qu,10,3
apa10-0mp,65,3
apa02-1ba,19,3
apa10-1bc,165,3
apa05-1wo,10,3
apa06-4b4,7,3
apa03-0jc,25,3
apa02-0w3,50,3
apa01-kua,8,3
apa03-3bb,33,3
apa01-1be,86,3
apa09-2ad,19,3
apa04-3qu,12,3
apa16-4mf,13,3
apa04-0bg,130,3
apa12-0w2,9,3
apa04-0mf,11,3
apa04-4xa,14,3
apa05-1fd,45,3
apa01-sq5,16,3
apa03-1fa,61,4
apa04-2ag,23,4
apa02-0bi,63,3
apa06-0bf,31,3
apa02-0ez,5,3
apa01-kbh,17,3
apa02-3mp,26,3
apa06-0qs,22,3
apa06-0bm,55,4
apa05-1m1,5,1
apa03-1bb,64,3
apa09-4b4,5,3
apa02-2zb,10,3
apa06-1w4,99,3
apa03-2zb,24,3
apa02-1wq,20,3
apa02-3w1,29,3
apa02-2bg,63,3
apa10-4mf,7,3
apa10-kbm,36,3
apa08-3bc,7,3
apa01-1qm,13,3
apa01-2wq,21,3
apa13-0zm,8,3
apa02-0bn,88,4
apa06-0q2,6,3
apa09-0bb,242,3
apa08-1bc,75,3
apa10-2b1,79,3
apa02-1q0,22,3
apa11-2mt,5,3
apa07-0w3,107,3
apa07-1w3,86,3
apa01-2ap,10,3
apa02-0fz,27,3
apa02-0bd,33,3
apa19-zb1,122,3
apa03-3qu,12,3
apa08-0mt,59,3
apa08-1b1,93,3
apa04-2bc,17,3
apa04-zb1,19,3
apa03-0ec,16,3
apa04-1m1,3,1
apa01-2pm,8,3
apa03-0ad,13,3
apa02-kb8,9,3
apa01-kan,30,3
apa21-2at,52,3
apa18-1wo,4,3
apa01-2w5,42,4
apa08-0uh,31,3
apa07-1mq,28,3
apa01-kbb,16,2
apa30-0ez,12,3
apa03-1be,23,3
apa06-0w6,20,3
apa09-3mq,8,3
apa01-1xm,9,3
apa02-1bb,136,3
apa02-km7,3,3
apa07-zb1,14,3
apa05-0w2,83,3
apa02-1mf,3,2
apa26-3at,14,3
apa05-1ez,57,3
apa06-2p9,16,3
apa18-0qw,16,3
apa04-3mf,16,3
apa05-0be,9,3
apa01-1p4,26,3
apa08-6zb,25,4
apa17-4mf,8,3
apa10-0mo,25,3
apa08-kqw,18,3
apa11-0mt,17,3
apa02-2bf,21,3
apa08-2qw,4,2
apa03-1q2,42,3
apa03-3bc,30,3
apa03-kw5,11,3
apa02-1ui,18,3
apa07-1ue,13,3
apa05-2ef,22,3
apa01-3qs,38,3
apa01-2bi,20,3
apa08-1ez,43,3
apa01-2mv,37,3
apa06-2uh,9,2
apa01-0po,14,3
apa02-2bm,33,3
apa03-2bh,155,3
apa01-0fl,14,3
apa01-3mf,30,3
apa01-3b5,19,3
apa02-2b1,28,3
apa02-0bc,27,3
apa10-0bb,194,4
apa01-0qs,9,3
apa01-1jf,13,3
apa01-0jz,0,0
apa04-4fz,39,5
apa08-0qw,19,3
apa01-2aq,55,3
apa03-4fz,62,4
apa15-2bb,10,3
apa01-0p9,142,3
apa01-1aj,39,3
apa06-1yu,27,3
apa03-3fd,12,3
apa04-0jz,0,0
apa12-3m1,8,3
apa05-0w5,97,3
apa02-1zr,19,3
apa01-4ah,15,3
apa03-1xm,18,3
apa03-2at,21,3
apa02-2ad,19,3
apa01-5ac,14,3
apa06-0w0,87,3
apa02-4fa,20,4
apa04-1w7,18,3
apa04-1w0,54,3
apa03-1yo,3,2
apa03-0fz,11,3
apa07-0w5,26,4
apa13-1ez,41,3
apa02-1ag,10,3
apa05-5bb,73,3
apa03-0mf,11,3
apa01-0mj,47,3
apa45-0ez,3,2
apa03-6ac,30,4
apa17-2m1,5,4
apa05-2b4,14,3
apa11-1b1,128,3
apa01-1bf,79,3
apa04-kbm,18,3
apa06-zbf,61,3
apa18-kbb,3,2
apa19-0qw,19,3
apa03-1ef,11,3
apa02-1uh,13,3
apa02-0mb,47,3
apa12-1w3,56,5
apa01-2qt,19,3
apa17-0jo,5,3
apa02-0j7,10,3
apa04-1zb,18,3
apa02-1mb,9,3
apa10-0uh,6,2
apa05-6ac,32,4
apa09-2b1,19,3
apa02-1w6,41,3
apa04-1b1,57,3
apa03-2mq,6,3
apa01-3bm,81,3
apa04-1mb,8,3
apa12-1at,10,4
apa09-1m1,49,3
apa07-3mq,11,3
apa05-2p9,13,3
apa02-1b1,143,3
apa07-2zb,9,3
apa01-3ad,12,3
apa11-3mq,15,3
apa14-1zb,61,3
apa01-1wo,20,3
apa04-2b4,29,3
apa02-5ed,19,3
apa09-0qw,20,3
apa07-2bh,97,3
apa10-2w0,14,3
apa23-0ez,7,3
apa07-4b4,13,3
apa01-1zr,27,3
apa10-3mq,17,3
apa01-2w6,10,3
apa08-0w5,13,4
apa02-1fd,37,3
apa02-0u6,40,3
apa08-2b1,21,3
apa01-1ue,108,3
apa07-zbm,30,3
apa03-0p2,6,3
apa16-1at,44,3
apa24-1ez,7,3
apa02-0q8,25,3
apa06-2mb,11,4
apa01-3yq,18,3
apa42-0ez,38,3
apa01-kw3,3,2
apa04-2mb,13,3
apa15-2m1,54,3
apa06-2wq,4,3
apa04-2bm,18,3
apa02-5b3,63,3
apa02-1yu,21,3
apa16-2m1,8,2
apa03-1ez,57,3
apa02-1bt,27,3
apa33-0ez,10,3
apa02-3w3,42,3
apa28-0ez,33,3
apa02-3bh,13,3
apa15-0bb,18,3
apa09-1bc,69,3
apa01-1mf,9,3
apa05-2mb,23,4
apa01-3b6,11,3
apa08-3w6,30,3
apa04-0w0,70,3
apa01-1iw,9,3
apa02-4ad,21,3
apa10-0bf,73,4
apa01-1b3,15,3
apa15-0uh,89,3
apa06-0bg,66,3
apa01-0q3,16,3
apa01-6zb,30,3
apa06-0w5,44,3
apa02-2ap,6,2
apa02-0uh,21,3
apa02-6zb,35,4
apa07-2mb,19,4
apa02-kez,2,2
apa05-1jo,16,3
apa03-1bc,48,3
apa01-0ez,16,3
apa03-1mb,16,3
apa04-1uh,4,2
apa26-kbb,7,3
apa12-0uh,31,3
apa01-0w2,45,3
apa12-1w5,14,4
apa14-2mt,12,3
apa01-0ec,32,3
apa16-2mt,10,3
apa18-0jo,23,3
apa25-0ez,12,3
apa01-zbm,66,3
apa01-1qs,16,3
apa01-2xa,22,3
apa05-0jz,0,0
apa14-1uh,3,2
apa02-2qs,13,3
apa26-0ez,21,3
apa05-0uh,87,3
apa10-2u4,17,3
apa01-1yu,23,3
apa06-2ag,27,3
apa02-0mq,30,3
apa07-1w1,20,3
apa02-0qw,7,3
apa06-0uc,67,3
apa05-1qu,18,3
apa14-kbb,5,2
apa04-0uh,108,3
apa09-0w6,11,3
apa05-2be,13,3
apa03-0qz,242,3
apa01-2bm,42,3
apa12-1qw,18,3
apa02-3jo,19,3
apa01-5zq,44,3
apa04-2qw,5,3
apa07-3bd,33,3
apa01-1b2,78,3
apa06-0w4,48,3
apa22-1b1,6,3
apa12-0q2,84,3
apa02-0yo,6,2
apa08-2w0,24,3
apa25-kbb,4,3
apa03-0mb,33,3
apa32-3at,20,3
apa09-0mo,23,3
apa04-0mm,5,4
apa03-0u6,11,3
apa02-3ba,16,3
apa21-1b1,34,3
apa37-1ez,17,3
apa02-0jh,8,3
apa01-3m1,28,3
apa10-0w1,9,3
apa10-0b1,47,3
apa18-0ez,30,3
apa02-1jo,5,3
apa05-0mm,11,4
apa12-0bb,14,4
apa03-0qu,22,3
apa01-1z2,12,3
apa02-0mo,140,3
apa04-1jo,16,3
apa07-0mm,8,4
apa01-2pg,25,3
apa01-0yo,5,3
apa02-3ed,13,3
apa09-0b1,80,6
apa04-1mm,15,4
apa04-2bt,39,3
apa06-2mq,25,3
apa07-4bb,40,3
apa07-1bh,12,3
apa04-1pg,26,3
apa01-5b3,15,3
apa04-2b5,9,3
apa01-1x6,15,3
apa03-3b5,19,3
apa05-1w3,22,4
apa02-0ws,11,3
apa01-2mm,18,4
apa14-0w0,62,3
apa06-zbm,12,3
apa01-4w0,179,3
apa05-4bb,40,3
apa08-1zm,28,3
apa04-2fz,15,3
apa03-1ua,27,3
apa11-0bb,14,3
apa02-2u4,5,3
apa04-2w2,18,3
apa01-0jp,9,3
apa05-1zm,10,3
apa03-2yq,48,3
apa03-2b1,19,3
apa01-4b5,32,3
apa02-3ad,30,3
apa12-0w4,12,3
apa19-1b1,76,3
apa02-4fl,19,3
apa03-0w6,15,3
apa07-0bh,28,4
apa08-2af,61,3
apa01-1bh,10,3
apa05-0qi,135,3
apa01-0qm,14,3
apa03-2w6,16,3
apa01-0qi,41,3
apa13-1m1,56,3
apa04-0yo,7,2
apa08-1wo,17,3
apa08-1mq,9,3
apa02-1w0,82,3
apa17-0q2,25,4
apa05-0yq,6,3
apa02-2be,37,3
apa09-1aq,13,3
