apa10-1w2,0,0
apa01-1jo,0,0
apa02-2jo,0,0
apa02-3u4,1,1
apa03-0qw,0,0
apa03-2bg,3,1
apa04-3m1,0,0
apa05-0a4,0,0
apa05-4mf,2,1
apa05-3m1,0,0
apa06-3w1,1,1
apa03-4mf,2,1
apa02-3w0,8,2
apa03-0ao,0,0
apa02-0a4,0,0
apa06-0mo,7,3
apa03-3at,5,2
apa08-1w4,0,0
apa06-2b4,0,0
apa07-1mm,3,3
apa29-1ez,0,0
apa08-0w1,48,5
apa01-2at,3,1
apa04-2w4,0,0
apa04-0q8,1,1
apa01-1qw,0,0
apa02-1j7,3,2
apa04-0qu,1,1
apa04-0z2,6,3
apa09-0w1,4,2
apa02-0ax,0,0
apa03-0q2,1,1
apa01-0mo,1,1
apa09-4ag,0,0
apa07-0bf,0,0
apa09-0ql,0,0
apa01-0w5,0,0
apa11-0zm,0,0
apa01-0ao,2,2
apa04-3u4,0,0
apa06-2bd,2,2
apa05-3mq,0,0
apa08-2w0,0,0
apa03-2w3,0,0
apa04-2wq,0,0
apa01-1qt,1,1
apa04-1zm,0,0
apa02-0zb,3,3
apa08-0zm,2,2
apa14-1mt,0,0
apa09-1w1,8,2
apa01-2fl,16,3
apa07-1bb,51,3
apa05-3w6,0,0
apa03-3mp,0,0
apa08-0qi,1,1
apa02-zbf,6,3
apa01-3w7,0,0
apa07-1wo,2,1
apa18-2mt,0,0
apa07-2ad,0,0
apa01-1fd,3,3
apa18-1qw,0,0
apa11-0mp,1,1
apa10-0yo,1,1
apa11-2mq,0,0
apa02-kms,0,0
apa11-0w0,0,0
apa20-1b1,3,3
apa15-0qw,0,0
apa01-1j7,3,2
apa05-0zm,5,3
apa05-2bf,2,2
apa12-0w6,4,2
apa05-5ad,2,1
apa05-0qw,1,1
apa03-kjc,1,1
apa04-0yq,0,0
apa13-2at,0,0
apa02-kqw,0,0
apa21-1ez,0,0
apa01-1aq,3,2
apa05-0bh,2,2
apa18-2mf,1,1
apa03-0qt,0,0
apa01-0p4,1,1
apa02-1mq,0,0
apa02-kb5,0,0
apa03-5bb,2,2
apa01-2qw,0,0
apa23-2bb,2,2
apa05-kbd,0,0
apa04-1at,0,0
apa02-3w7,0,0
apa01-1j0,3,2
apa03-4b4,0,0
apa09-0xc,0,0
apa05-2w2,0,0
apa05-3bb,2,2
apa03-1zm,1,1
apa06-1uc,6,1
apa01-3b4,0,0
apa02-2mn,4,4
apa25-3at,6,3
apa03-2bc,5,3
apa06-3bf,16,3
apa08-3mq,0,0
apa07-0q2,0,0
apa08-3bd,0,0
apa01-2u4,0,0
apa01-5ag,1,1
apa12-2at,0,0
apa02-2mf,1,1
apa02-1qo,2,2
apa03-2qs,4,3
apa03-2jc,2,2
apa04-3bb,3,2
apa01-2ah,3,1
apa02-kb3,1,1
apa07-2m1,0,0
apa15-1mt,1,1
apa15-3mf,3,2
apa03-3be,4,3
apa08-0q2,2,2
apa02-1w7,0,0
apa08-0w3,2,2
apa04-0qt,1,1
apa04-0a8,4,3
apa16-3mq,1,1
apa05-2af,1,1
apa20-0w0,1,1
apa04-3mp,1,1
apa05-6ad,1,1
apa06-kbh,0,0
apa02-0pz,2,2
apa05-0mq,2,2
apa09-6ad,1,1
apa06-1bm,0,0
apa09-2u4,1,1
apa03-1zb,0,0
apa12-0zm,0,0
apa02-2bb,31,3
apa01-1bd,0,0
apa04-2ad,3,3
apa06-1ue,2,1
apa05-3mf,2,1
apa06-0w2,6,3
apa03-6ed,0,0
apa05-2u4,1,1
apa01-2w4,0,0
apa02-0aj,1,1
apa01-0wq,3,3
apa08-1bd,9,3
apa05-0mp,0,0
apa03-0qy,4,2
apa07-3bb,4,2
apa14-1wo,2,2
apa08-3mf,1,1
apa03-0yq,4,2
apa07-2w1,3,2
apa01-1fl,0,0
apa04-0m1,0,0
apa08-1yu,39,3
apa10-2qw,1,1
apa19-1mt,1,1
apa03-0mm,2,1
apa07-2w4,0,0
apa13-0yo,5,3
apa37-0ez,0,0
apa12-0m1,0,0
apa21-kbb,0,0
apa09-1b1,10,3
apa01-1b4,3,2
apa03-2mb,1,1
apa07-3ah,0,0
apa02-2fd,1,1
apa02-2w7,0,0
apa04-1b8,0,0
apa02-0qo,9,3
apa04-1ue,3,3
apa03-0bf,8,3
apa21-0m1,0,0
apa01-1p2,0,0
apa34-1ez,0,0
apa24-2at,4,1
apa09-1w6,12,4
apa01-0uf,0,0
apa09-3bf,2,1
apa03-0b3,0,0
apa03-2uh,2,1
apa09-1wo,3,2
apa03-kb3,0,0
apa11-2at,0,0
apa01-6b3,0,0
apa15-1wo,1,1
apa18-3mf,0,0
apa07-0qu,1,1
apa08-2zb,0,0
apa06-1w1,0,0
apa06-0qi,0,0
apa05-3b8,4,3
apa01-2ac,0,0
apa04-3bm,2,1
apa01-2uf,8,3
apa06-3bb,11,2
apa02-2at,1,1
apa06-2be,5,3
apa04-3b5,7,2
apa06-1ed,0,0
apa22-0m1,0,0
apa08-1aq,1,1
apa03-3m1,0,0
apa04-1wo,0,0
apa02-2b6,4,3
apa01-1uf,0,0
apa02-1uf,1,1
apa04-2xa,5,3
apa04-3ac,0,0
apa01-1zy,2,2
apa01-0af,3,2
apa16-1wo,1,1
apa05-0uc,1,1
apa05-kql,2,2
apa17-1at,3,1
apa01-0qg,3,3
apa11-2w0,0,0
apa01-1mn,0,0
apa03-2b6,5,3
apa05-kqw,1,1
apa02-2qu,5,3
apa01-1qk,7,3
apa07-1yu,1,1
apa01-3fa,12,4
apa03-0q0,3,1
apa02-kw3,0,0
apa01-1bc,11,3
apa13-0q2,0,0
apa01-0bn,17,3
apa01-0jd,3,2
apa01-0pz,2,1
apa05-0bg,1,1
apa06-4ag,2,1
apa08-0b1,10,3
apa02-0b3,19,3
apa17-2mt,0,0
apa01-kbw,2,2
apa04-0u6,0,0
apa01-0bh,8,3
apa01-0j7,22,3
apa18-1ez,3,3
apa07-0mp,0,0
apa01-1x6,13,3
apa01-0p2,0,0
apa12-2zb,1,1
apa02-1ua,2,2
apa01-0at,0,0
apa19-3m1,0,0
apa16-0ez,0,0
apa04-1be,5,3
apa06-0w3,7,4
apa03-3bm,0,0
apa14-0yo,1,1
apa02-3fd,3,2
apa14-3m1,0,0
apa08-2bm,3,2
apa05-3wq,0,0
apa03-0wq,1,1
apa04-2mq,0,0
apa15-2bd,1,1
apa07-1m1,0,0
apa02-0qu,2,2
apa02-2aq,5,3
apa09-0yo,0,0
apa09-0mz,0,0
apa01-1zm,4,3
apa08-1bb,54,3
apa04-0x6,54,3
apa07-0w4,7,4
apa01-2qd,4,2
apa11-2mf,1,1
apa04-2m1,1,1
apa04-2af,2,2
apa01-3jo,1,1
apa09-kbm,0,0
apa01-1yo,0,0
apa04-0w6,4,3
apa07-3w1,1,1
apa01-0b1,1,1
apa02-2uf,1,1
apa05-3w5,1,1
apa01-0mv,7,2
apa16-0bb,3,3
apa14-2bd,8,3
apa11-0yo,0,0
apa03-0uf,0,0
apa02-2ez,0,0
apa21-3at,0,0
apa03-0ws,0,0
apa01-2qs,0,0
apa24-1at,6,3
apa01-0x6,17,3
apa03-zb1,7,2
apa01-kzy,2,1
apa07-1aq,1,1
apa13-1mq,2,2
apa04-2u4,2,1
apa22-1ez,0,0
apa02-2ag,1,1
apa04-0ao,0,0
apa04-4w0,0,0
apa05-2ac,0,0
apa01-1jb,8,2
apa05-0ez,0,0
apa03-1a1,1,1
apa03-0ez,0,0
apa05-1ed,1,1
apa02-4bb,15,3
apa12-0w4,2,1
apa01-2mq,0,0
apa01-2bu,0,0
apa01-3be,0,0
apa06-1aq,1,1
apa04-1ua,9,2
apa02-1mp,6,3
apa10-0w0,0,0
apa05-2w5,0,0
apa03-1uc,0,0
apa08-0aj,2,1
apa03-0pg,3,2
apa02-0zm,3,3
apa11-0xc,3,2
apa04-0bf,72,4
apa05-1qw,0,0
apa08-0w0,0,0
apa09-0jo,1,1
apa18-2at,0,0
apa08-0yo,0,0
apa10-2b4,2,2
apa08-0bh,1,1
apa12-1zb,9,3
apa17-3m1,0,0
apa02-1w1,1,1
apa06-3bc,0,0
apa03-kqw,0,0
apa09-2mf,0,0
apa06-0aj,4,3
apa05-1b1,9,2
apa01-0ms,0,0
apa07-2at,8,2
apa12-2bb,48,3
apa10-1wo,0,0
apa03-3wq,2,2
apa05-2ad,1,1
apa01-2me,0,0
apa02-kw1,0,0
apa07-1w5,0,0
apa03-3w1,1,1
apa08-0mo,0,0
apa22-1m1,0,0
apa04-2ac,3,3
apa01-0q8,0,0
apa17-2bd,4,3
apa01-3wq,1,1
apa03-1a4,5,3
apa01-kql,2,2
apa04-2b1,4,3
apa10-0bd,1,1
apa04-2mn,4,2
apa02-0p2,1,1
apa01-0qy,8,2
apa01-2qm,2,2
apa07-0w0,3,2
apa04-0mq,1,1
apa02-6ad,2,2
apa02-0jz,0,0
apa02-0ad,4,4
apa01-2b6,6,3
apa04-3b4,1,1
apa13-0w6,1,1
apa05-0ed,3,2
apa14-2at,0,0
apa02-5ag,0,0
apa18-3at,1,1
apa04-kw1,0,0
apa06-1mb,0,0
apa07-3bc,5,2
apa01-1ah,4,2
apa06-0mz,0,0
apa13-3mf,3,2
apa03-kb5,0,0
apa18-3m1,0,0
apa02-0af,2,1
apa24-2bb,2,2
apa06-3mf,3,1
apa01-1ko,2,2
apa03-1z2,3,2
apa01-1ag,1,1
apa01-2bw,0,0
apa01-4ad,2,2
apa05-3xa,1,1
apa02-3mq,1,1
apa02-2zr,8,3
apa18-0w0,1,1
apa05-4ag,1,1
apa01-1w1,5,2
apa01-1ao,1,1
apa05-0pg,4,2
apa04-0uc,0,0
apa04-2bh,0,0
apa06-1b1,9,3
apa08-1mb,0,0
apa15-1ez,0,0
apa01-0ue,1,1
apa08-1u4,0,0
apa03-2mn,3,3
apa16-1qw,0,0
apa01-3bg,2,1
apa02-3b5,1,1
apa02-4zb,1,1
apa05-0mo,0,0
apa15-3mq,0,0
apa06-0zb,5,3
apa06-6zb,0,0
apa19-0uh,0,0
apa04-3w5,0,0
apa08-2fd,2,2
apa03-2ac,0,0
apa01-1u4,1,1
apa03-0av,3,3
apa05-2bb,32,3
apa08-2bf,1,1
apa05-1uc,1,1
apa03-3mf,2,1
apa07-kbb,0,0
apa16-1zb,11,3
apa01-1qh,1,1
apa01-0bw,1,1
apa01-1b6,2,2
apa10-0w2,1,1
apa01-kqi,2,2
apa02-0qy,1,1
apa02-1jf,6,3
apa01-0b5,2,1
apa01-kbm,2,2
apa01-1p9,3,2
apa08-2u4,1,1
apa05-0ql,2,2
apa01-0a8,1,1
apa03-1uf,0,0
apa02-3bc,3,1
apa02-2xc,0,0
apa03-0qg,6,3
apa11-0qi,0,0
apa01-4fd,0,0
apa01-kpz,1,1
apa04-2ug,9,3
apa05-zbf,2,1
apa01-0mq,0,0
apa09-kbb,3,3
apa07-1qw,0,0
apa09-1ue,1,1
apa03-1jq,5,3
apa05-2uh,1,1
apa01-1mp,3,3
apa01-0wy,3,2
apa03-zbf,12,3
apa02-5xa,2,1
apa09-4mf,1,1
apa11-kbb,2,1
apa02-0yq,0,0
apa01-kak,13,3
apa15-2mt,0,0
apa05-0a8,4,2
apa07-4ag,0,0
apa04-0uf,0,0
apa09-0bd,2,2
apa01-kbc,3,3
apa03-1bi,12,2
apa12-1b1,0,0
apa14-0qw,0,0
apa01-kbu,1,1
apa06-0mv,11,2
apa03-kw3,0,0
apa06-0bh,2,1
apa09-2bh,3,2
apa09-kbh,0,0
apa03-2wq,0,0
apa05-0w0,8,4
apa07-0aj,2,2
apa12-2mt,1,1
apa05-0w1,9,4
apa08-3at,2,2
apa11-1zb,4,3
apa16-0jo,0,0
apa04-3bc,5,2
apa16-2bd,4,3
apa14-2mf,1,1
apa19-1zb,8,3
apa07-2b4,0,0
apa01-ku4,1,1
apa04-4ag,0,0
apa02-2w3,2,1
apa16-0w6,1,1
apa02-0a8,2,2
apa01-kws,1,1
apa03-0u4,1,1
apa03-1bg,1,1
apa02-0bl,8,3
apa01-1w7,1,1
apa07-3mf,1,1
apa02-2j8,2,2
apa03-zbm,3,2
apa21-1at,0,0
apa14-2ah,1,1
apa03-2w7,1,1
apa15-0w6,1,1
apa18-1at,0,0
apa28-kbb,2,1
apa04-0qy,24,4
apa04-2be,8,3
apa01-1fa,3,3
apa10-1bd,4,3
apa05-1mq,2,2
apa04-1w1,2,2
apa01-6ed,0,0
apa08-3w1,0,0
apa04-1mp,3,3
apa13-0uh,1,1
apa06-1bc,35,3
apa11-0m1,0,0
apa01-1mm,2,2
apa01-0zm,2,2
apa02-1mn,2,2
apa04-3xa,3,3
apa01-3ba,2,1
apa02-kw2,7,2
apa02-2mb,0,0
apa02-1u4,1,1
apa01-4ac,0,0
apa05-1w3,1,1
apa08-kbb,0,0
apa01-0xa,1,1
apa02-2ua,2,1
apa02-2wq,0,0
apa12-3at,0,0
apa08-6ad,1,1
apa02-1aw,4,2
apa02-1qe,3,2
apa01-4wq,0,0
apa01-1af,2,2
apa02-zb1,3,2
apa03-2uf,9,3
apa03-2aq,3,2
apa11-2ah,2,2
apa04-kbd,0,0
apa20-3at,0,0
apa01-kbi,0,0
apa36-0ez,0,0
apa06-1wq,0,0
apa13-0jo,1,1
apa01-3mq,0,0
apa06-1z2,7,3
apa06-zbm,0,0
apa16-1m1,0,0
apa01-kaw,0,0
apa17-kbb,0,0
apa01-km7,0,0
apa01-0ak,2,2
apa02-kb4,2,2
apa03-1mm,2,2
apa05-2qs,2,2
apa05-1q0,2,1
apa01-0mz,0,0
apa04-2w0,0,0
apa01-1fz,2,2
apa02-2me,0,0
apa03-2ua,3,2
apa04-4mf,6,2
apa03-0be,5,3
apa08-0w2,0,0
apa08-4b4,3,1
apa02-0ql,2,2
apa03-6fa,0,0
apa01-3ug,0,0
apa22-0ez,0,0
apa06-2ah,1,1
apa02-kql,1,1
apa03-1uh,0,0
apa02-1a1,2,2
apa04-1ed,0,0
apa01-2j8,3,2
apa05-0bd,3,3
apa02-4wq,0,0
apa01-0j4,3,3
apa04-4b4,1,1
apa02-0uf,0,0
apa13-0mp,10,6
apa03-5ac,1,1
apa07-0bn,9,3
apa05-2mf,0,0
apa15-3m1,0,0
apa19-0jo,0,0
apa02-2a0,0,0
apa17-3mf,0,0
apa11-0q2,0,0
apa05-1ue,10,2
apa04-1mv,10,2
apa02-0ju,1,1
apa06-0mm,0,0
apa04-1w3,2,2
apa13-3m1,0,0
apa01-3mv,7,2
apa04-kjc,0,0
apa22-2at,2,1
apa01-1wq,1,1
apa02-0p9,2,2
apa02-0jq,2,2
apa02-1qu,4,1
apa02-0xa,4,3
apa03-2u4,2,1
apa01-kbn,4,2
apa03-1mp,0,0
apa03-kbb,2,2
apa16-kbb,0,0
apa05-2b1,6,3
apa01-2zr,8,3
apa01-3bb,9,2
apa14-1mq,0,0
apa04-1uf,0,0
apa09-0aj,3,3
apa12-3mq,3,2
apa01-3w0,1,1
apa03-1qo,0,0
apa14-2m1,0,0
apa03-2mq,0,0
apa08-1uh,0,0
apa04-1mb,0,0
apa02-4ed,0,0
apa04-0w2,0,0
apa24-0m1,0,0
apa12-1wo,1,1
apa06-3fd,0,0
apa04-3b8,8,3
apa02-2w5,2,2
apa01-3bm,0,0
apa06-kql,1,1
apa01-3ad,3,3
apa08-2ah,0,0
apa02-2p4,1,1
apa08-0mp,2,1
apa05-3bd,3,3
apa11-1m1,0,0
apa01-1wo,0,0
apa08-0xc,0,0
apa03-1at,0,0
apa05-1mb,0,0
apa01-3ui,0,0
apa02-2mq,0,0
apa06-1w0,0,0
apa03-3u4,0,0
apa04-1bb,30,3
apa06-2bh,0,0
apa09-0w4,1,1
apa02-3zr,6,3
apa03-1aw,1,1
apa01-1qo,2,2
apa05-1w4,0,0
apa04-0bm,1,1
apa08-2w3,0,0
apa11-3w6,0,0
apa01-kqy,38,3
apa05-kbh,5,3
apa06-1bh,11,3
apa02-0m1,0,0
apa17-1ez,2,2
apa06-0yo,1,1
apa03-5ah,1,1
apa10-2u4,2,2
apa07-1bm,4,2
apa04-0zs,3,2
apa12-0mq,0,0
apa01-4zb,1,1
apa16-0w0,1,1
apa05-2w3,0,0
apa04-2jc,0,0
apa01-0be,7,3
apa09-2mq,0,0
apa23-1ez,2,2
apa02-0qz,3,2
apa02-1w2,0,0
apa01-0b3,3,3
apa02-0mm,0,0
apa02-1jd,2,1
apa12-0mt,1,1
apa04-1a4,2,1
apa07-0xc,3,3
apa23-1at,2,1
apa02-1be,4,3
apa01-1bw,0,0
apa13-4mf,1,1
apa20-1qw,0,0
apa03-2qu,9,4
apa08-4ag,2,2
apa02-3bt,0,0
apa02-1b1,1,1
apa02-4b2,2,2
apa04-2bm,2,1
apa07-4b4,0,0
apa03-3w4,4,1
apa04-2qw,0,0
apa10-0ez,3,2
apa03-0p2,0,0
apa04-1ez,1,1
apa10-0bf,14,3
apa05-1zm,1,1
apa10-2mf,1,1
apa13-0ez,1,1
apa07-2mb,4,3
apa03-0mv,10,2
apa10-1at,1,1
apa12-0uh,2,2
apa14-0zm,1,1
apa18-1zb,3,3
apa25-0ez,0,0
apa02-2yq,6,3
apa01-2fa,0,0
apa03-4bd,0,0
apa01-0ax,0,0
apa02-kiw,1,1
apa14-0m1,0,0
apa19-3at,1,1
apa03-1b1,10,3
apa32-1ez,0,0
apa07-zbf,23,3
apa06-1zb,3,2
apa02-2ug,6,3
apa08-4mf,0,0
apa01-0w6,1,1
apa05-2yq,1,1
apa02-1zm,2,2
apa11-1w5,0,0
apa07-1uc,9,3
apa21-1m1,0,0
apa02-0u6,0,0
apa06-0uh,0,0
apa10-1ez,0,0
apa01-1a0,0,0
apa38-1ez,0,0
apa11-1w6,2,1
apa11-zb1,18,3
apa20-2m1,0,0
apa09-2ah,1,1
apa04-2zr,5,3
apa05-2w0,0,0
apa08-zbf,3,1
apa04-0ad,1,1
apa16-1mq,4,3
apa27-2at,1,1
apa01-0bm,0,0
apa04-0mp,0,0
apa02-2w4,0,0
apa01-2ua,0,0
apa01-kq2,2,1
apa01-2q2,4,2
apa04-2mb,2,1
apa01-zmv,16,2
apa17-2at,4,1
apa05-1bf,5,3
apa03-1bc,11,3
apa25-2at,0,0
apa01-0q3,4,2
apa03-2p9,3,2
apa07-1zm,1,1
apa02-0bh,1,1
apa10-0w6,1,1
apa08-1ue,9,2
apa02-1p4,6,4
apa06-0jz,0,0
apa19-0ez,3,2
apa02-2bi,3,2
apa05-5ah,0,0
apa01-1mf,0,0
apa01-2xm,0,0
apa04-4zb,1,1
apa01-1qz,2,1
apa01-3w4,1,1
apa05-2wq,2,2
apa01-3zr,6,3
apa01-2be,0,0
apa15-0m1,0,0
apa12-1w5,4,2
apa18-2bb,57,3
apa14-2mt,0,0
apa13-2mt,0,0
apa11-0w6,2,2
apa06-2w3,0,0
apa02-1w3,1,1
apa03-5zq,1,1
apa20-0ez,3,2
apa03-3b8,6,3
apa06-0xc,1,1
apa05-3ug,1,1
apa16-2mt,0,0
apa08-1w8,0,0
apa08-3bf,6,4
apa07-2be,3,3
apa02-2w1,3,1
apa02-0q8,5,3
apa06-2fd,0,0
apa04-2qu,5,2
apa02-3at,5,1
apa04-0qs,0,0
apa05-1bh,6,3
apa08-1w6,1,1
apa07-1bc,17,3
apa03-1ez,2,2
apa06-2wq,0,0
apa03-4bm,5,2
apa01-0j6,1,1
apa04-0zm,3,3
apa08-0mm,1,1
apa06-kjc,0,0
apa01-0ju,0,0
apa06-2mf,1,1
apa03-0yo,0,0
apa09-3bd,0,0
apa03-6ad,3,1
apa05-1mv,11,2
apa02-1w5,0,0
apa02-kez,0,0
apa02-3qu,6,1
apa05-0bb,2,2
apa03-3b4,3,2
apa28-0ez,2,2
apa02-kqi,2,2
apa02-2pm,1,1
apa03-1u4,3,2
apa03-2qy,3,2
apa36-1ez,0,0
apa02-2bt,16,5
apa26-kbb,2,1
apa18-0m1,0,0
apa17-1zb,3,3
apa05-1yu,5,3
apa08-0mq,2,2
apa01-2qu,3,2
apa03-0bg,2,2
apa01-0q4,3,2
apa10-1w3,3,1
apa01-zbm,6,3
apa07-2w5,1,1
apa03-2ah,2,2
apa04-kql,0,0
apa01-2mn,10,8
apa04-3w1,4,2
apa05-0yo,1,1
apa03-0qz,4,3
apa02-4ad,3,2
apa01-2bg,6,3
apa01-0ez,0,0
apa04-3mq,0,0
apa02-3be,1,1
apa09-1ez,0,0
apa01-1b2,0,0
apa13-1w5,1,1
apa03-2bi,1,1
apa04-2b6,7,3
apa07-2bd,4,3
apa09-0mq,2,2
apa02-3qs,1,1
apa07-0bb,6,2
apa39-1ez,5,3
apa03-0bh,3,3
apa01-0ec,1,1
apa02-5ad,3,1
apa02-3w5,0,0
apa11-3at,0,0
apa01-1qs,1,1
apa18-0jo,0,0
apa01-3u4,0,0
apa05-1xc,2,2
apa09-2w5,1,1
apa09-3at,0,0
apa05-1w2,0,0
apa03-3w7,3,2
apa02-2qs,1,1
apa04-5ac,0,0
apa09-1w3,2,1
apa05-1wq,0,0
apa04-1w6,5,4
apa03-0u6,0,0
apa06-2u4,0,0
apa01-1yu,15,3
apa02-kbf,4,2
apa01-1uh,0,0
apa11-0uh,0,0
apa05-2mb,1,1
apa04-1bi,10,3
apa04-0w0,1,1
apa15-0uh,2,2
apa10-1bb,50,3
apa02-3ad,4,3
apa16-0m1,0,0
apa19-1m1,0,0
apa01-2ez,0,0
apa02-kjc,1,1
apa10-0w3,7,4
apa01-6zb,2,2
apa07-2zr,6,3
apa02-0bb,9,3
apa04-2mf,1,1
apa44-0ez,0,0
apa01-2ba,0,0
apa02-1wo,6,3
apa11-1w3,1,1
apa11-1uh,1,1
apa02-3mf,1,1
apa03-3w3,0,0
apa11-2bh,1,1
apa02-6zb,3,3
apa12-2mq,0,0
apa04-1uh,0,0
apa10-1b1,1,1
apa22-1b1,1,1
apa01-kjc,5,2
apa28-1ez,19,3
apa10-0jo,0,0
apa02-3jo,3,2
apa05-2zb,0,0
apa06-1bf,2,1
apa02-zmv,17,3
apa17-2mf,2,1
apa01-6ad,1,1
apa12-0q2,0,0
apa06-0w4,6,3
apa01-0u6,0,0
apa14-kbb,1,1
apa09-0uh,1,1
apa15-0jo,0,0
apa03-1w2,0,0
apa05-1z2,1,1
apa16-0uh,1,1
apa32-0ez,14,2
apa07-4mf,2,2
apa10-3m1,0,0
apa01-1yq,7,3
apa25-kbb,1,1
apa08-0u4,0,0
apa13-2mq,0,0
apa09-3m1,0,0
apa40-0ez,0,0
apa28-3at,3,2
apa01-2ad,2,2
apa05-2w7,0,0
apa01-2u6,0,0
apa09-0mo,1,1
apa21-1b1,15,3
apa20-2at,3,3
apa02-0qw,2,2
apa04-0uh,2,2
apa22-kbb,0,0
apa02-2bh,0,0
apa05-2fd,0,0
apa01-2p9,2,2
apa07-0qw,0,0
apa05-0q8,6,3
apa01-5zq,19,3
apa31-3at,2,2
apa06-3m1,0,0
apa04-2w3,0,0
apa32-3at,2,1
apa09-0w5,2,2
apa05-0uh,3,3
apa12-0mp,4,3
apa03-kms,4,2
apa02-0mv,11,3
apa10-2at,2,1
apa02-0yo,0,0
apa13-3at,0,0
apa09-1at,1,1
apa20-0uh,0,0
apa35-0ez,4,3
apa01-2xa,5,2
apa02-0xc,2,2
apa11-1bd,3,3
apa13-2ah,0,0
apa01-kbg,1,1
apa13-0w0,0,0
apa03-4xa,3,1
apa04-5ah,1,1
apa03-1mf,1,1
apa13-2qw,0,0
apa05-4zb,0,0
apa22-3at,2,1
apa04-1yu,2,2
apa05-2zr,13,3
apa03-1m1,0,0
apa08-0ez,3,2
apa01-0bf,62,3
apa07-1w1,1,1
apa01-3b8,2,2
apa03-1w1,0,0
apa05-1zb,4,3
apa02-2xa,3,3
apa06-0uc,0,0
apa07-1b1,0,0
apa08-1ba,1,1
apa04-kbf,3,1
apa05-0jz,0,0
apa03-3mq,0,0
apa01-2ef,6,2
apa04-2bi,9,1
apa02-2b3,0,0
apa10-2zb,27,25
apa09-0ez,8,2
apa08-0bn,13,3
apa06-2ag,0,0
apa03-2be,22,3
apa03-1pg,3,2
apa13-1mt,0,0
apa14-1uh,0,0
apa27-1ez,1,1
apa04-4bb,4,1
apa13-0m1,0,0
apa07-0ql,0,0
apa01-0qh,3,3
apa03-0jc,2,1
apa01-0qo,1,1
apa41-0ez,0,0
apa05-0bm,6,2
apa03-2qw,0,0
apa20-1ez,0,0
apa03-0w1,5,2
apa01-0ba,15,3
apa20-kbb,0,0
apa03-2p4,2,1
apa03-2xm,2,2
apa02-0ef,2,2
apa02-2b5,4,1
apa11-0mq,2,1
apa05-0b1,3,2
apa04-0ed,0,0
apa12-1ez,4,2
apa01-2bh,24,3
apa05-kbb,0,0
apa08-1bf,1,1
apa01-0mn,2,2
apa09-2w1,4,3
apa10-1xc,6,2
apa05-0z2,0,0
apa07-4zb,2,2
apa08-0bf,1,1
apa14-0w5,0,0
apa05-0xc,2,2
apa06-1mm,3,2
apa04-5bb,2,2
apa26-2at,1,1
apa06-0m1,0,0
apa02-6b3,1,1
apa05-2xc,2,2
apa16-2at,2,2
apa17-1b1,8,3
apa02-3b4,1,1
apa02-1pg,7,2
apa01-2bd,2,2
apa06-0w1,17,3
apa01-4bm,4,2
apa07-1w6,1,1
apa02-zbm,0,0
apa04-1fd,0,0
apa02-0q0,7,4
apa06-0bd,6,3
apa05-0w4,6,3
apa08-1w1,2,2
apa02-1q5,0,0
apa01-1jd,1,1
apa04-1uc,2,1
apa04-6zb,3,1
apa13-1qw,0,0
apa04-1qu,4,2
apa04-2bf,2,1
apa12-1qw,0,0
apa03-0zs,0,0
apa10-2w1,10,2
apa07-3fd,0,0
apa06-0mq,0,0
apa02-2jc,0,0
apa19-0w0,0,0
apa05-2m1,0,0
apa03-1qy,6,2
apa07-2w7,0,0
apa04-0pt,4,3
apa07-kbm,0,0
apa08-0m1,0,0
apa09-3w6,2,1
apa14-3w6,0,0
apa07-1bf,7,3
apa03-2fd,5,3
apa01-3p9,4,2
apa02-1me,0,0
apa03-2af,0,0
apa01-5mf,0,0
apa11-2m1,0,0
apa02-1aq,3,2
apa11-0w4,0,0
apa23-kbb,0,0
apa02-0w2,1,1
apa01-kqo,1,1
apa04-2p4,5,2
apa10-0q2,2,2
apa46-0ez,1,1
apa06-1ba,4,3
apa01-0w1,3,1
apa08-1bm,2,2
apa01-2mf,2,1
apa11-1at,0,0
apa02-0ua,1,1
apa02-1xm,0,0
apa01-kqa,1,1
apa01-1ed,1,1
apa01-0bl,6,3
apa01-6b5,1,1
apa09-0qi,0,0
apa10-3mf,3,2
apa21-2bb,39,4
apa03-0aj,1,1
apa08-1w2,0,0
apa04-0q2,1,1
apa06-1ez,0,0
apa04-1fz,4,2
apa02-0bg,7,3
apa05-3mp,0,0
apa01-2bm,2,1
apa03-2m1,0,0
apa02-0j6,0,0
apa01-0q1,0,0
apa07-2ah,0,0
apa01-0mf,1,1
apa04-1qy,9,2
apa01-0qa,2,2
apa07-1xc,2,2
apa09-2af,0,0
apa06-0mb,0,0
apa02-0mp,1,1
apa02-0ec,2,2
apa15-0mq,1,1
apa01-kw1,2,1
apa01-0qz,2,1
apa03-0ql,2,2
apa02-2bc,19,3
apa01-kfa,2,2
apa01-kw2,1,1
apa03-zmv,22,4
apa06-2b1,2,2
apa01-0pm,3,3
apa06-kqw,0,0
apa07-1w2,0,0
apa29-3at,0,0
apa04-0zb,6,3
apa03-0mb,3,2
apa04-1wq,0,0
apa04-1w2,3,2
apa01-3w3,0,0
apa03-2xc,0,0
apa02-0w1,0,0
apa09-2zb,2,2
apa05-1bb,5,3
apa07-0qi,2,2
apa08-2ag,2,2
apa05-2ag,2,2
apa06-1fz,1,1
apa02-0pt,2,2
apa02-3me,0,0
apa02-1yq,0,0
apa03-0ef,1,1
apa02-0pg,3,1
apa01-0pt,2,2
apa13-1wo,2,1
apa01-2jo,0,0
apa03-0jz,0,0
apa14-4mf,1,1
apa04-0qw,0,0
apa12-3w6,1,1
apa01-kq0,2,2
apa14-0w6,0,0
apa04-1bc,20,3
apa08-3m1,0,0
apa09-1mq,0,0
apa06-5ah,3,2
apa11-3mf,2,2
apa01-4w0,0,0
apa02-4xa,5,4
apa11-3m1,0,0
apa05-4b4,0,0
apa07-2ag,1,1
apa12-0qw,0,0
apa02-0pm,1,1
apa12-4mf,0,0
apa13-2bd,5,3
apa05-4bb,7,3
apa06-1bb,8,3
apa03-2bm,1,1
apa14-3mf,3,2
apa27-kbb,1,1
apa03-0uc,0,0
apa04-zbf,37,3
apa06-0zm,1,1
apa01-1mo,6,3
apa03-0xa,1,1
apa12-0w0,4,3
apa05-0qu,2,1
apa02-5mf,0,0
apa11-2bd,5,3
apa02-0p6,2,2
apa08-2m1,2,1
apa07-0b1,14,3
apa40-1ez,0,0
apa03-0mo,0,0
apa01-0ua,0,0
apa20-3m1,0,0
apa04-0fz,14,3
apa24-3at,2,1
apa07-3bd,0,0
apa01-zbf,45,3
apa14-0jo,1,1
apa08-kbh,0,0
apa17-3at,2,2
apa13-3w6,3,2
apa03-kbd,2,1
apa14-0mq,0,0
apa03-1ac,4,2
apa17-0w6,7,2
apa14-0w0,0,0
apa05-1aq,0,0
apa05-1ua,2,2
apa13-1w3,2,2
apa06-2zr,1,1
apa09-3mf,1,1
apa03-2w1,3,1
apa01-4fl,2,2
apa06-kbb,0,0
apa17-2bb,22,3
apa12-kbm,1,1
apa08-0ql,2,2
apa03-6zb,1,1
apa11-4mf,1,1
apa10-zb1,16,3
apa02-kw5,0,0
apa05-3bf,6,2
apa07-2b1,1,1
apa02-0w6,7,3
apa06-4mf,3,2
apa02-1qg,1,1
apa26-1ez,0,0
apa02-2ac,1,1
apa13-0mq,1,1
apa05-2bm,1,1
apa01-kez,0,0
apa01-2qa,4,3
apa03-1wq,0,0
apa19-1at,1,1
apa03-0pt,1,1
apa02-4ag,4,2
apa01-zbg,4,2
apa01-4bd,5,1
apa29-0ez,1,1
apa01-3w5,2,2
apa07-3m1,0,0
apa08-2w1,2,2
apa04-2qs,1,1
apa03-3ah,2,2
apa05-2at,3,2
apa03-0ju,4,3
apa06-0ql,1,1
apa01-0w7,2,2
apa04-6ac,1,1
apa02-0qi,0,0
apa02-3fa,2,1
apa01-2w1,4,2
apa09-0bn,6,3
apa05-1bc,3,2
apa01-kb3,0,0
apa02-1bf,6,3
apa08-zb1,3,2
apa13-0w5,0,0
apa02-5ah,1,1
apa11-1wo,0,0
apa13-1uh,1,1
apa04-3w4,2,2
apa03-1af,0,0
apa04-1mq,2,2
apa03-0a8,3,3
apa09-0q2,4,3
apa02-0b5,5,3
apa31-1ez,0,0
apa04-3wq,1,1
apa01-0bt,34,3
apa06-0mp,0,0
apa14-2mq,0,0
apa09-3w1,1,1
apa08-2bb,2,1
apa04-1ef,2,2
apa06-2ad,1,1
apa08-1w3,1,1
apa17-1wo,0,0
apa20-2bb,47,3
apa03-1mo,3,2
apa03-0mq,2,2
apa01-3w2,1,1
apa06-4bb,3,2
apa01-2m1,0,0
apa09-0mt,0,0
apa01-0aj,2,1
apa02-5zq,3,2
apa01-0j0,2,2
apa15-1qw,0,0
apa03-0j7,1,1
apa02-4mf,1,1
apa22-2bb,2,2
apa09-2w0,1,1
apa02-0jc,2,2
apa07-2af,1,1
apa08-0uc,4,2
apa11-1qw,0,0
apa05-0aj,0,0
apa06-2qw,0,0
apa02-1q8,2,2
apa06-0bb,5,3
apa01-kw0,1,1
apa03-1mv,12,3
apa02-3yq,0,0
apa04-3at,0,0
apa08-2zr,6,3
apa02-0bt,23,3
apa23-2at,1,1
apa04-2uh,0,0
apa01-0qw,1,1
apa02-2xm,0,0
apa12-2mf,1,1
apa01-3w1,2,2
apa08-2bd,0,0
apa05-1w1,4,3
apa05-1ba,6,3
apa05-2bh,0,0
apa06-6ad,1,1
apa07-0m1,0,0
apa02-4bd,0,0
apa03-0w6,8,4
apa07-0w1,1,1
apa14-0uh,1,1
apa04-2ef,3,2
apa03-2bt,23,4
apa06-0zs,0,0
apa01-0q5,6,3
apa03-0qd,4,3
apa02-kq0,0,0
apa09-3mp,1,1
apa05-3be,4,3
apa02-0bm,61,3
apa03-3w5,3,3
apa02-1b4,8,3
apa04-3bd,4,3
apa02-1b8,2,1
apa01-5bb,25,3
apa09-1bm,0,0
apa04-3fd,0,0
apa01-2yq,5,3
apa01-2b1,10,3
apa19-2mt,0,0
apa01-3bh,8,3
apa01-4b2,10,3
apa01-0j3,9,3
apa01-4mf,0,0
apa05-0at,1,1
apa04-1q2,1,1
apa03-0a0,1,1
apa03-2mv,16,3
apa06-2bf,3,2
apa09-4bb,11,3
apa09-2qw,0,0
apa41-1ez,0,0
apa03-4w0,0,0
apa01-2fd,1,1
apa06-1uh,0,0
apa24-kbb,0,0
apa04-1p4,1,1
apa02-5ac,3,2
apa38-0ez,0,0
apa05-2mq,0,0
apa04-0bh,2,2
apa03-4bb,11,2
apa01-3fd,4,3
apa19-1ez,7,3
apa02-0b1,7,3
apa01-1qg,3,3
apa09-0zm,0,0
apa02-2bn,0,0
apa06-0b1,2,2
apa02-0q2,3,3
apa02-kbd,9,3
apa01-4bb,11,3
apa01-3w6,0,0
apa02-2ad,0,0
apa04-2w2,1,1
apa27-3at,0,0
apa01-1aw,3,2
apa17-0uh,1,1
apa09-1w5,0,0
apa02-1bg,3,3
apa05-1a4,2,2
apa03-0m1,0,0
apa02-0bf,10,3
apa08-1b1,1,1
apa21-0uh,0,0
apa23-3at,4,2
apa07-3mp,1,1
apa08-0bd,4,3
apa10-2ah,2,2
apa03-4zb,0,0
apa07-2bb,10,3
apa06-3at,1,1
apa01-0mm,2,2
apa04-kqw,0,0
apa12-kbb,1,1
apa01-1q4,1,1
apa43-0ez,0,0
apa06-2w0,0,0
apa06-3mp,0,0
apa01-1q5,1,1
apa08-0w4,3,2
apa02-1qs,1,1
apa01-2mm,1,1
apa02-1mv,23,4
apa03-2b1,2,2
apa10-2mq,0,0
apa02-kbm,1,1
apa03-3w2,0,0
apa03-0bm,6,3
apa01-2jc,1,1
apa07-5bb,36,3
apa08-1zm,6,3
apa02-0qs,0,0
apa07-1at,1,1
apa06-1m1,0,0
apa17-0qw,1,1
apa02-2m1,0,0
apa08-4bb,1,1
apa06-zb1,1,1
apa06-2ac,1,1
apa19-2m1,0,0
apa01-0qe,6,3
apa05-2mv,12,3
apa04-2ua,0,0
apa02-2fa,5,3
apa03-2bn,0,0
apa12-3mf,1,1
apa15-kbb,0,0
apa06-2af,6,2
apa02-1po,3,2
apa01-1qy,5,3
apa01-1bg,2,2
apa07-1mb,1,1
apa02-2qw,0,0
apa10-0xc,2,2
apa03-0qi,0,0
apa01-0jm,10,3
apa18-2m1,0,0
apa02-1bm,11,6
apa03-1ed,1,1
apa04-0mv,4,2
apa01-3yu,1,1
apa03-2bf,4,2
apa01-2yu,10,3
apa10-0w4,0,0
apa05-2qu,7,2
apa21-2m1,2,1
apa19-1b1,18,3
apa07-0mo,0,0
apa04-0qi,0,0
apa05-0qi,1,1
apa09-1w8,0,0
apa01-1q8,2,2
apa02-1at,4,2
apa13-zb1,7,3
apa03-1xc,2,2
apa04-0aj,1,1
apa01-0jp,1,1
apa07-0bh,3,3
apa01-1me,1,1
apa06-0bn,8,3
apa04-1w5,3,3
apa07-3at,0,0
apa16-1ez,2,2
apa11-0bb,2,2
apa01-2w3,1,1
apa08-1at,0,0
apa01-2b8,0,0
apa02-2q2,7,3
apa03-1p4,4,3
apa02-3bd,0,0
apa08-2mf,0,0
apa01-2ug,1,1
apa05-3fd,0,0
apa07-0bd,3,1
apa06-2zb,4,3
apa21-0ez,0,0
apa10-2m1,0,0
apa01-2p4,3,1
apa12-0jo,1,1
apa13-1at,0,0
apa17-0ez,1,1
apa13-1m1,0,0
apa10-kbb,2,2
apa03-0w8,1,1
apa01-1w0,1,1
apa06-0ez,0,0
apa04-0w5,0,0
apa13-2bb,65,3
apa12-1uh,2,2
apa10-1uh,3,2
apa04-3be,2,2
apa05-1fd,0,0
apa07-2bf,0,0
apa01-4b5,3,3
apa01-kmv,4,3
apa01-0qi,2,2
apa04-2fd,0,0
apa14-1qw,0,0
apa03-1w7,2,1
apa03-2w6,0,0
apa06-3bd,1,1
apa01-1ug,3,2
apa30-1ez,1,1
apa07-0uh,0,0
apa02-4fl,1,1
apa17-0q2,3,3
apa01-0p6,5,3
apa06-0bf,2,2
apa01-0yq,6,3
apa01-0bv,11,3
apa01-1ad,1,1
apa05-0bn,7,3
apa01-kbh,2,2
apa01-0bg,2,1
apa01-1bh,6,2
apa03-2zr,13,3
apa01-2af,3,2
apa15-1zb,6,3
apa04-3ah,0,0
apa02-6fa,5,2
apa09-0w3,4,1
apa01-1qm,2,2
apa11-0ez,1,1
apa02-5fa,12,7
apa02-0ba,4,2
apa03-2ad,4,3
apa11-2mt,0,0
apa09-0w0,0,0
apa05-3bm,4,1
apa07-1zb,8,3
apa04-2w7,0,0
apa13-3mq,1,1
apa01-1w4,3,2
apa11-0w5,0,0
apa02-2bg,6,3
apa02-3wq,3,1
apa10-0qw,0,0
apa01-1bu,0,0
apa04-1bf,21,3
apa09-2b4,1,1
apa02-4fd,0,0
apa04-1xc,2,2
apa04-6ad,0,0
apa01-0qm,2,2
apa07-2u4,0,0
apa02-1wq,0,0
apa02-6ac,3,1
apa01-2bf,3,2
apa12-2qw,0,0
apa06-1qy,22,3
apa18-1b1,13,2
apa03-1j0,2,1
apa02-0av,5,3
apa01-0mb,0,0
apa01-2w7,4,3
apa03-2q2,4,3
apa03-0a4,35,3
apa03-0j6,2,2
apa02-4bm,0,0
apa01-kb5,0,0
apa07-1w3,2,2
apa10-0uh,0,0
apa08-0qu,3,2
apa11-1ez,0,0
apa06-1bd,7,3
apa02-2bd,0,0
apa19-zb1,0,0
apa05-3b4,2,2
apa06-0q2,1,1
apa02-0ed,1,1
apa01-2bb,83,3
apa05-0yq,2,2
apa01-0w0,38,3
apa04-zbm,6,3
apa01-kan,9,1
apa06-3u4,0,0
apa01-2xc,2,2
apa01-kw5,0,0
apa10-0mz,0,0
apa10-1m1,0,0
apa09-0mp,3,2
apa11-1bc,9,3
apa11-0w2,1,1
apa07-1ue,3,2
apa01-1mb,1,1
apa04-1jq,7,3
apa01-0bb,6,3
apa11-0mt,0,0
apa01-0ed,0,0
apa27-0ez,3,3
apa06-1w2,0,0
apa01-4ed,0,0
apa05-kbm,8,2
apa01-1mv,21,2
apa42-1ez,2,1
apa02-2yu,6,3
apa01-3b5,5,2
apa01-kb4,2,1
apa16-0yo,0,0
apa04-1w4,0,0
apa05-2qw,0,0
apa03-3w6,1,1
apa01-6fa,2,2
apa01-1bm,2,2
apa05-3w1,0,0
apa02-2b1,4,3
apa02-1j0,2,1
apa01-1jf,5,3
apa02-3ug,5,2
apa01-1q2,6,3
apa01-3mp,0,0
apa05-2w1,15,3
apa03-3ug,1,1
apa01-1xa,3,2
apa02-0mf,0,0
apa03-0q8,1,1
apa04-1j0,1,1
apa01-0zb,2,2
apa01-2ag,0,0
apa03-3ac,0,0
apa01-1bt,31,3
apa02-3ah,2,2
apa03-1w5,0,0
apa15-2at,1,1
apa15-4mf,2,1
apa08-0qw,0,0
apa04-3ug,3,3
apa14-3mq,0,0
apa01-2aq,2,2
apa01-0ps,3,3
apa08-2w4,0,0
apa19-1qw,0,0
apa04-0xc,4,2
apa12-0ez,0,0
apa12-3m1,0,0
apa02-1bi,8,1
apa16-2mq,0,0
apa02-1bc,0,0
apa02-4w0,0,0
apa05-3u4,0,0
apa01-1be,5,3
apa06-6ac,1,1
apa05-1q2,1,1
apa03-0at,4,3
apa01-1ua,3,2
apa01-kzw,0,0
apa01-1a4,0,0
apa11-1bb,3,3
apa01-2a0,0,0
apa01-0m1,1,1
apa08-2at,4,2
apa03-2ug,0,0
apa02-1q2,4,3
apa10-2bd,4,2
apa01-1m1,0,0
apa01-sq5,0,0
apa15-0w0,0,0
apa09-1aq,3,2
apa03-1fz,5,3
apa15-2mf,3,2
apa06-0qs,1,1
apa02-1ju,0,0
apa02-2uh,0,0
apa05-2p9,3,2
apa09-0qw,0,0
apa02-1qw,0,0
apa01-2wq,1,1
apa09-1qw,0,0
apa08-2af,0,0
apa12-0yo,0,0
apa05-5ag,1,1
apa04-4bm,1,1
apa23-0ez,1,1
apa02-1z2,1,1
apa39-0ez,0,0
apa02-1fl,3,3
apa07-3bf,1,1
apa07-1ed,0,0
apa05-0q2,0,0
apa10-1w6,3,2
apa03-2fz,2,2
apa06-1wo,0,0
apa07-1bd,6,3
apa02-0ui,5,2
apa03-3ag,0,0
apa08-1bc,17,3
apa14-1at,1,1
apa03-2yq,1,1
apa07-0uc,1,1
apa07-kbf,3,2
apa09-2bd,8,3
apa07-3be,0,0
apa06-2w7,0,0
apa03-3qu,2,1
apa05-1fz,0,0
apa01-2qg,5,3
apa07-zb1,1,1
apa02-3w2,3,3
apa02-1bb,4,3
apa04-2b4,4,3
apa10-0w5,1,1
apa04-1qw,0,0
apa04-0bg,6,3
apa06-1xc,2,2
apa05-0qy,54,3
apa03-3ed,4,2
apa06-1u4,2,2
apa12-0w2,0,0
apa10-0qi,0,0
apa11-2qw,0,0
apa10-2ad,0,0
apa04-3mf,1,1
apa06-2p9,3,2
apa01-1aj,2,1
apa17-4mf,1,1
apa01-1qa,1,1
apa02-2b4,0,0
apa01-0w3,1,1
apa12-2ah,1,1
apa06-1w4,1,1
apa01-0qu,3,2
apa01-4ah,1,1
apa01-4bv,2,1
apa03-0mp,1,1
apa01-5ed,0,0
apa07-0ez,1,1
apa02-5bb,36,4
apa03-1qu,0,0
apa02-2fz,3,3
apa08-2qw,0,0
apa01-1p4,5,1
apa03-1yu,6,3
apa02-1qt,3,2
apa02-1m1,0,0
apa09-1m1,0,0
apa13-1b1,1,1
apa01-2ed,5,3
apa02-2bm,0,0
apa10-3at,1,1
apa01-1ac,0,0
apa01-0po,4,3
apa07-2w3,0,0
apa07-2mf,0,0
apa01-3at,2,1
apa16-2mf,2,2
apa06-1yu,1,1
apa11-1w8,1,1
apa01-0qs,1,1
apa01-0w4,0,0
apa16-0qw,1,1
apa03-1w4,3,3
apa15-2bb,2,2
apa03-0w2,2,2
apa10-0mm,3,2
apa01-2zb,0,0
apa02-2w2,0,0
apa02-2qg,2,2
apa11-2b1,1,1
apa03-1fd,0,0
apa01-2p5,3,2
apa11-0qw,0,0
apa09-zbf,1,1
apa01-2bi,3,1
apa01-2bt,40,3
apa14-2qw,0,0
apa02-0q3,8,6
apa01-2qy,5,2
apa02-0at,2,2
apa03-2w4,0,0
apa02-1ui,2,2
apa04-2w1,4,3
apa01-0p9,1,1
apa01-2mv,14,3
apa07-0w2,0,0
apa07-0w5,1,1
apa03-1xm,1,1
apa04-2p9,3,3
apa01-2b2,3,3
apa12-zb1,8,2
apa04-kbh,5,2
apa16-3m1,0,0
apa01-0ad,0,0
apa04-0b1,1,1
apa05-0j6,1,1
apa06-zbf,17,3
apa03-1wo,1,1
apa01-5ac,1,1
apa02-0fd,0,0
apa04-2fz,4,3
apa01-2bl,6,3
apa05-0zb,2,1
apa02-1ba,2,2
apa10-1w8,2,2
apa01-2qe,2,2
apa04-2at,1,1
apa03-2at,1,1
apa01-0b8,12,3
apa08-1xc,3,2
apa09-1bd,16,3
apa01-sq4,3,1
apa07-2zb,0,0
apa07-0bm,3,2
apa14-1zb,10,3
apa07-2bh,0,0
apa02-0qg,3,3
apa02-0bi,4,3
apa02-0bn,34,3
apa04-5ad,3,1
apa01-kua,2,2
apa03-kbf,4,2
apa02-3mp,0,0
apa03-1bb,51,5
apa01-2w5,1,1
apa16-3at,2,2
apa02-0ez,0,0
apa02-3bh,2,2
apa18-1wo,0,0
apa08-1qw,0,0
apa02-1qy,3,2
apa10-2bb,46,3
apa01-1b3,3,3
apa01-kqu,4,1
apa03-1be,8,3
apa07-1w8,14,4
apa08-6zb,2,2
apa04-1w7,2,2
apa01-1ba,5,3
apa02-1mf,0,0
apa02-3ac,0,0
apa05-0w2,10,3
apa10-4mf,1,1
apa03-0ua,1,1
apa08-kbm,0,0
apa08-3w6,1,1
apa13-0zm,0,0
apa02-3bm,0,0
apa08-kqw,0,0
apa02-1q0,3,2
apa01-2mb,2,2
apa02-1b5,2,2
apa13-1zb,8,3
apa04-4fz,5,2
apa03-4fz,11,1
apa03-3bc,15,2
apa42-0ez,0,0
apa04-0mo,0,0
apa04-1bh,25,3
apa06-0bg,2,2
apa01-0jq,1,1
apa02-2ap,0,0
apa09-2m1,0,0
apa07-2fd,0,0
apa02-3w1,1,1
apa11-2bb,29,3
apa01-0mj,7,4
apa01-3qs,1,1
apa01-1p5,0,0
apa02-2qa,8,6
apa02-1zb,3,3
apa04-2bc,4,3
apa37-1ez,0,0
apa03-1w6,0,0
apa03-3bt,21,5
apa02-1ag,4,2
apa06-2uh,1,1
apa03-2bh,0,0
apa02-1a0,1,1
apa02-3ba,2,2
apa19-0qw,1,1
apa01-3m1,0,0
apa06-3mq,2,1
apa05-kjc,1,1
apa09-0bf,26,3
apa16-2bb,11,2
apa02-1w0,0,0
apa04-1zb,2,2
apa10-0bb,26,3
apa03-kw1,0,0
apa02-0bc,7,3
apa09-0bb,32,3
apa10-1bc,1,1
apa07-0w3,2,2
apa03-0ba,25,3
apa03-3fd,1,1
apa01-1q0,2,1
apa17-1qw,0,0
apa02-2w0,0,0
apa05-2b4,2,2
apa02-0bd,4,3
apa18-1mt,0,0
apa02-2be,5,3
apa06-1w5,1,1
apa10-kbm,1,1
apa01-2b5,3,1
apa02-3mv,10,2
apa01-2pm,0,0
apa09-0mm,0,0
apa02-0x6,34,3
apa06-0w6,4,3
apa01-1qd,3,2
apa13-kbb,1,1
apa01-2qt,2,2
apa02-3bb,12,3
apa04-zb1,0,0
apa05-1w6,1,1
apa03-kql,3,2
apa08-0uh,0,0
apa04-0a4,0,0
apa02-2ah,2,2
apa10-2b1,25,3
apa02-1fa,3,3
apa02-0qt,11,3
apa08-3bb,1,1
apa01-kbd,3,2
apa02-0fz,6,2
apa16-4mf,2,1
apa13-2m1,0,0
apa01-1qe,2,2
apa13-2mf,1,1
apa09-2ad,2,2
apa33-1ez,0,0
apa04-0w1,4,2
apa01-1xm,0,0
apa26-3at,1,1
apa05-kbf,4,3
apa09-3mq,0,0
apa10-0mo,0,0
apa05-1ez,1,1
apa08-0mt,0,0
apa09-2at,4,2
apa01-2ap,0,0
apa04-4xa,4,2
apa08-1ez,1,1
apa04-0mf,1,1
apa01-0jt,2,2
apa02-2bf,3,3
apa10-0mp,2,2
apa01-6ac,2,1
apa05-2ah,1,1
apa06-5bb,21,3
apa02-0w3,3,3
apa01-1xc,2,2
apa06-2mb,2,1
apa06-0w0,32,4
apa03-3bb,1,1
apa02-0j7,1,1
apa01-0fl,4,3
apa03-0mf,1,1
apa03-1fa,15,3
apa04-1aq,4,2
apa06-0bm,8,3
apa02-5b3,1,1
apa04-2ag,0,0
apa05-1m1,0,0
apa30-0ez,6,2
apa03-0ec,3,3
apa07-6zb,1,1
apa04-1b1,3,3
apa04-1m1,0,0
apa03-0qs,2,2
apa04-kbm,2,1
apa17-0jo,0,0
apa16-2m1,0,0
apa18-kbb,0,0
apa04-2zb,0,0
apa17-0m1,0,0
apa16-1b1,19,3
apa05-0w5,6,3
apa02-1zr,1,1
apa03-1mn,3,2
apa10-2w0,6,1
apa17-1mt,0,0
apa02-2zb,1,1
apa02-4fa,8,3
apa21-2at,5,3
apa06-0qw,0,0
apa10-3mq,1,1
apa03-0fz,3,2
apa01-kw3,0,0
apa07-0mq,0,0
apa04-3ag,0,0
apa11-1b1,2,2
apa01-0mp,2,2
apa04-1w0,3,2
apa01-1zr,6,3
apa07-1mq,1,1
apa01-kbb,0,0
apa02-0mb,0,0
apa12-1w3,6,4
apa05-5bb,24,3
apa01-3ac,1,1
apa03-2zb,3,3
apa15-1at,0,0
apa15-0ez,0,0
apa33-0ez,11,2
apa18-0qw,0,0
apa25-1ez,0,0
apa02-1mm,7,5
apa01-4fa,5,3
apa24-0ez,0,0
apa02-1w6,5,2
apa03-6ac,1,1
apa09-2b1,5,3
apa45-0ez,0,0
apa02-2w6,0,0
apa03-1w0,0,0
apa05-zb1,1,1
apa01-3yq,18,12
apa05-6ac,4,3
apa01-2w6,0,0
apa15-3at,2,2
apa08-2bh,19,3
apa01-1ue,7,3
apa01-0fd,1,1
apa09-1bb,4,2
apa06-1zm,2,2
apa02-0be,6,3
apa06-1qw,0,0
apa08-2b1,8,3
apa05-1bm,0,0
apa08-1m1,0,0
apa07-3mq,1,1
apa07-2w0,0,0
apa10-0zm,0,0
apa09-1w2,0,0
apa07-1w4,1,1
apa02-1zy,1,1
apa01-1zb,1,1
apa06-1q2,1,1
apa16-1at,5,3
apa02-2qt,5,3
apa05-0m1,0,0
apa09-0w2,0,0
apa07-2qw,0,0
apa17-2m1,0,0
apa01-kqw,0,0
apa01-4bu,2,2
apa03-3mv,15,3
apa02-1yu,15,3
apa06-1w3,1,1
apa05-0w6,9,4
apa10-0mq,4,2
apa01-1ez,0,0
apa35-1ez,0,0
apa08-0bb,9,3
apa01-2a1,3,1
apa02-kpz,4,2
apa06-2w4,1,1
apa04-3mv,7,3
apa02-1fd,2,2
apa03-1ba,3,2
apa01-0me,7,2
apa02-3w3,4,2
apa02-1uh,2,2
apa08-0w5,4,3
apa03-2b4,3,1
apa11-0jo,0,0
apa05-6zb,1,1
apa01-2po,2,1
apa15-2m1,1,1
apa01-3jb,2,2
apa05-0mv,4,2
apa04-0pg,3,1
apa06-5ag,0,0
apa02-3m1,0,0
apa01-1po,4,3
apa05-0mb,0,0
apa04-5ag,0,0
apa22-1at,0,0
apa01-5ah,1,1
apa19-2bb,31,3
apa02-1mb,0,0
apa01-2pt,1,1
apa03-0zb,3,2
apa03-3xa,3,2
apa01-3b6,3,2
apa09-zb1,27,3
apa09-1bc,1,1
apa20-0m1,0,0
apa19-0m1,0,0
apa04-2w6,3,3
apa02-0me,2,2
apa13-1ez,3,2
apa01-1iw,4,2
apa02-6ed,1,1
apa07-kqw,0,0
apa02-4ah,1,1
apa03-5ag,1,1
apa03-3bf,17,3
apa07-6ac,3,1
apa34-0ez,6,2
apa04-2w5,0,0
apa11-3mq,1,1
apa03-3bh,6,3
apa02-2po,2,2
apa02-3xa,4,2
apa04-2aq,2,2
apa08-2ad,3,3
apa03-0bb,3,2
apa19-kbb,0,0
apa05-1w0,1,1
apa01-0pg,5,3
apa02-1w4,0,0
apa06-0w5,5,3
apa01-0uh,0,0
apa01-1bf,1,1
apa12-1at,1,1
apa04-2bd,0,0
apa02-kqa,0,0
apa01-1w6,1,1
apa29-2at,5,2
apa03-0bt,16,3
apa08-2mq,0,0
apa06-0j6,3,3
apa03-1aq,1,1
apa02-0w8,4,3
apa01-2bn,0,0
apa01-kb1,2,2
apa01-1a1,0,0
apa03-1jo,1,1
apa02-0uh,1,1
apa02-0ue,2,2
apa16-0mq,0,0
apa02-1mo,7,3
apa08-3mp,0,0
apa05-0qs,0,0
apa04-kbb,0,0
apa10-1bm,2,2
apa12-1mt,0,0
apa12-2bd,4,2
apa07-0yo,2,2
apa03-1mb,0,0
apa10-1mq,2,1
apa02-1xc,2,2
apa01-0w2,0,0
apa05-1uh,0,0
apa03-0bc,2,2
apa02-0b8,2,2
apa06-2mv,28,7
apa06-4zb,0,0
apa02-2mv,30,5
apa07-6ad,0,0
apa18-4mf,0,0
apa03-1qw,0,0
apa06-1mv,34,6
apa12-1mq,2,2
apa01-3bt,52,3
apa04-0ql,1,1
apa30-3at,6,2
apa16-1mt,0,0
apa06-1mq,1,1
apa01-2bc,4,2
apa05-0zs,2,1
apa03-4ag,3,1
apa02-1af,0,0
apa03-2mf,1,1
apa10-1qw,0,0
apa01-0ws,0,0
apa02-5ed,3,2
apa06-kbf,0,0
apa02-kbh,5,3
apa03-2fa,7,2
apa02-1a4,5,1
apa24-1ez,1,1
apa09-2zr,2,2
apa04-4bd,2,2
apa13-0qw,0,0
apa10-0ql,6,2
apa03-2bb,1,1
apa02-1ed,1,1
apa06-kbm,0,0
apa04-1q0,2,2
apa05-3bc,13,1
apa21-0w0,0,0
apa01-1ef,2,1
apa06-2at,1,1
apa04-2mv,11,2
apa02-1ez,2,1
apa02-2qy,6,3
apa05-3ag,1,1
apa07-0zm,4,3
apa01-1pm,0,0
apa01-0bc,5,3
apa11-2zb,2,2
apa20-0jo,0,0
apa47-0ez,0,0
apa10-0bn,29,3
apa05-zbm,1,1
apa10-0mt,0,0
apa05-1mm,1,1
apa01-5ad,2,2
apa03-2w2,0,0
apa03-0ed,0,0
apa01-0xc,5,3
apa03-0b5,1,1
apa09-6zb,0,0
apa04-2xc,0,0
apa04-3w2,1,1
apa10-4bb,2,2
apa04-1ba,5,2
apa03-0uh,0,0
apa04-3bf,4,1
apa04-0j6,1,1
apa04-2ah,1,1
apa09-0u4,0,0
apa04-0mb,0,0
apa01-kms,1,1
apa01-kj7,1,1
apa02-1yo,0,0
apa09-1xc,1,1
apa06-1w6,6,3
apa02-3w6,0,0
apa16-3mf,1,1
apa07-1uh,3,2
apa01-0q0,6,3
apa03-2ed,0,0
apa02-0w4,1,1
apa12-0bb,4,3
apa14-1ez,17,3
apa05-1qy,14,2
apa09-0w6,0,0
apa02-2u4,0,0
apa03-0ad,2,2
apa04-0mz,0,0
apa03-4ed,1,1
apa02-4b4,0,0
apa05-2be,4,3
apa18-0ez,1,1
apa02-0mo,2,2
apa01-3b3,0,0
apa10-0w1,0,0
apa07-0mm,1,1
apa06-2qs,3,2
apa01-kiw,2,1
apa04-1mm,1,1
apa02-0mq,2,2
apa04-2bt,36,5
apa02-kb8,1,1
apa02-km7,0,0
apa03-0qu,5,2
apa04-1bg,4,2
apa06-2mq,0,0
apa05-0be,2,2
apa03-2b5,3,3
apa04-1pg,2,2
apa03-1bm,6,4
apa03-1q2,3,2
apa01-0yo,0,0
apa07-4bb,4,1
apa02-1xa,2,1
apa01-2pg,6,3
apa02-kqu,1,1
apa02-0jh,1,1
apa04-2b5,1,1
apa05-3qu,7,2
apa03-kw5,0,0
apa23-1b1,1,1
apa10-0b1,11,3
apa01-1z2,3,3
apa13-0bb,6,3
apa03-1qe,3,3
apa02-kbc,3,3
apa06-3ug,1,1
apa06-3be,0,0
apa01-0jz,0,0
apa02-1jo,0,0
apa04-1jo,1,1
apa05-2ef,0,0
apa03-3b5,1,1
apa03-1yo,0,0
apa04-0mm,0,0
apa01-3qu,8,2
apa04-0jz,0,0
apa14-0bb,1,1
apa02-3ed,0,0
apa02-0ws,0,0
apa01-5b3,0,0
apa05-0mm,2,2
apa02-0jf,2,2
apa03-1ef,3,2
apa07-1bh,6,3
apa07-zbm,1,1
apa05-1wo,1,1
apa09-0b1,12,3
apa06-4b4,3,3
apa02-0qd,2,2
apa19-2at,0,0
apa02-1bt,20,6
apa02-0ak,4,3
apa07-3w6,1,1
apa01-3bu,3,3
apa01-2uh,0,0
apa04-3qu,8,2
apa15-0bb,4,3
apa25-2bb,5,3
apa03-kb4,3,1
apa07-0w6,2,2
apa09-4b4,0,0
apa08-1wo,1,1
apa16-0q2,2,2
apa05-1bg,2,1
apa26-0ez,1,1
apa05-1w5,0,0
apa05-1jo,0,0
apa12-2m1,0,0
apa10-3w6,0,0
apa06-3w6,3,2
apa08-1mq,0,0
apa04-0yo,1,1
apa08-3bc,0,0
apa11-1mq,1,1
apa04-0ez,0,0
apa04-3w3,0,0
apa01-kbe,5,3
apa18-0uh,0,0
apa15-0yo,0,0
apa02-0j3,7,2
apa05-1qu,4,2
apa09-1uh,0,0
apa15-0q2,1,1
apa14-0ez,0,0
apa05-0w3,3,2
apa11-kbm,1,1
apa01-1ju,0,0
apa06-3ah,1,1
apa02-1fz,1,1
apa01-4mq,0,0
apa07-0mz,0,0
apa03-0mz,0,0
apa06-0qu,1,1
apa01-1qu,4,2
apa07-0jz,0,0
apa03-kq0,7,3
apa08-2b4,0,0
apa17-0w0,8,4
apa05-3ah,0,0
apa04-0be,6,3
apa08-0mz,0,0
apa04-kb5,0,0
apa03-kqu,1,1
apa02-0mz,0,0
apa01-0ef,5,3
apa05-0mz,0,0
apa01-0qd,0,0
